ebfda284-4291-4337-9dfb-f55610d0a907;2024-07-24T06:59:00Z;6.8;6.8;6.8;6.8;2;
ebfda284-4291-4337-9dfb-f55610d0a907;2024-07-24T07:00:00Z;6.823;6.8;6.85;6.791;166;
ebfda284-4291-4337-9dfb-f55610d0a907;2024-07-24T07:01:00Z;6.802;6.808;6.808;6.797;691;
ebfda284-4291-4337-9dfb-f55610d0a907;2024-07-24T07:02:00Z;6.809;6.822;6.822;6.809;27;
ebfda284-4291-4337-9dfb-f55610d0a907;2024-07-24T07:03:00Z;6.823;6.815;6.826;6.81;572;
ebfda284-4291-4337-9dfb-f55610d0a907;2024-07-24T07:04:00Z;6.812;6.807;6.812;6.807;182;
ebfda284-4291-4337-9dfb-f55610d0a907;2024-07-24T07:05:00Z;6.805;6.823;6.823;6.805;488;
ebfda284-4291-4337-9dfb-f55610d0a907;2024-07-24T07:06:00Z;6.81;6.809;6.81;6.809;73;
ebfda284-4291-4337-9dfb-f55610d0a907;2024-07-24T07:07:00Z;6.809;6.811;6.811;6.809;37;
ebfda284-4291-4337-9dfb-f55610d0a907;2024-07-24T07:08:00Z;6.807;6.806;6.807;6.806;84;
ebfda284-4291-4337-9dfb-f55610d0a907;2024-07-24T07:09:00Z;6.807;6.811;6.811;6.807;90;
ebfda284-4291-4337-9dfb-f55610d0a907;2024-07-24T07:10:00Z;6.812;6.812;6.812;6.812;40;
ebfda284-4291-4337-9dfb-f55610d0a907;2024-07-24T07:12:00Z;6.807;6.813;6.813;6.804;177;
ebfda284-4291-4337-9dfb-f55610d0a907;2024-07-24T07:13:00Z;6.813;6.824;6.824;6.813;100;
ebfda284-4291-4337-9dfb-f55610d0a907;2024-07-24T07:14:00Z;6.82;6.821;6.821;6.82;10;
ebfda284-4291-4337-9dfb-f55610d0a907;2024-07-24T07:15:00Z;6.808;6.808;6.808;6.808;10;
ebfda284-4291-4337-9dfb-f55610d0a907;2024-07-24T07:19:00Z;6.806;6.806;6.806;6.805;19;
ebfda284-4291-4337-9dfb-f55610d0a907;2024-07-24T07:20:00Z;6.804;6.8;6.804;6.8;70;
ebfda284-4291-4337-9dfb-f55610d0a907;2024-07-24T07:21:00Z;6.8;6.8;6.8;6.8;2;
ebfda284-4291-4337-9dfb-f55610d0a907;2024-07-24T07:23:00Z;6.802;6.804;6.805;6.802;103;
ebfda284-4291-4337-9dfb-f55610d0a907;2024-07-24T07:24:00Z;6.806;6.814;6.814;6.806;31;
ebfda284-4291-4337-9dfb-f55610d0a907;2024-07-24T07:25:00Z;6.826;6.827;6.83;6.815;35;
ebfda284-4291-4337-9dfb-f55610d0a907;2024-07-24T07:26:00Z;6.825;6.825;6.825;6.819;47;
ebfda284-4291-4337-9dfb-f55610d0a907;2024-07-24T07:27:00Z;6.818;6.814;6.822;6.806;18;
ebfda284-4291-4337-9dfb-f55610d0a907;2024-07-24T07:28:00Z;6.817;6.822;6.822;6.815;6;
ebfda284-4291-4337-9dfb-f55610d0a907;2024-07-24T07:29:00Z;6.818;6.808;6.818;6.808;72;
ebfda284-4291-4337-9dfb-f55610d0a907;2024-07-24T07:30:00Z;6.806;6.802;6.806;6.802;54;
ebfda284-4291-4337-9dfb-f55610d0a907;2024-07-24T07:34:00Z;6.802;6.801;6.802;6.801;2;
ebfda284-4291-4337-9dfb-f55610d0a907;2024-07-24T07:35:00Z;6.801;6.801;6.801;6.801;3;
ebfda284-4291-4337-9dfb-f55610d0a907;2024-07-24T07:36:00Z;6.804;6.804;6.804;6.804;18;
ebfda284-4291-4337-9dfb-f55610d0a907;2024-07-24T07:37:00Z;6.807;6.816;6.82;6.807;110;
ebfda284-4291-4337-9dfb-f55610d0a907;2024-07-24T07:38:00Z;6.817;6.81;6.817;6.805;44;
ebfda284-4291-4337-9dfb-f55610d0a907;2024-07-24T07:39:00Z;6.809;6.805;6.809;6.805;24;
ebfda284-4291-4337-9dfb-f55610d0a907;2024-07-24T07:41:00Z;6.807;6.81;6.811;6.807;40;
ebfda284-4291-4337-9dfb-f55610d0a907;2024-07-24T07:42:00Z;6.812;6.813;6.813;6.81;50;
ebfda284-4291-4337-9dfb-f55610d0a907;2024-07-24T07:43:00Z;6.811;6.81;6.811;6.803;274;
ebfda284-4291-4337-9dfb-f55610d0a907;2024-07-24T07:44:00Z;6.806;6.81;6.81;6.806;130;
ebfda284-4291-4337-9dfb-f55610d0a907;2024-07-24T07:45:00Z;6.805;6.805;6.805;6.805;1;
ebfda284-4291-4337-9dfb-f55610d0a907;2024-07-24T07:46:00Z;6.806;6.808;6.808;6.806;5;
ebfda284-4291-4337-9dfb-f55610d0a907;2024-07-24T07:47:00Z;6.808;6.808;6.808;6.808;5;
ebfda284-4291-4337-9dfb-f55610d0a907;2024-07-24T07:49:00Z;6.805;6.803;6.805;6.803;2;
ebfda284-4291-4337-9dfb-f55610d0a907;2024-07-24T07:51:00Z;6.803;6.801;6.803;6.801;400;
ebfda284-4291-4337-9dfb-f55610d0a907;2024-07-24T07:52:00Z;6.801;6.801;6.801;6.801;3;
ebfda284-4291-4337-9dfb-f55610d0a907;2024-07-24T07:53:00Z;6.801;6.804;6.804;6.801;4;
ebfda284-4291-4337-9dfb-f55610d0a907;2024-07-24T07:55:00Z;6.801;6.801;6.801;6.801;40;
ebfda284-4291-4337-9dfb-f55610d0a907;2024-07-24T07:56:00Z;6.801;6.801;6.801;6.801;102;
ebfda284-4291-4337-9dfb-f55610d0a907;2024-07-24T07:57:00Z;6.801;6.801;6.801;6.801;1;
ebfda284-4291-4337-9dfb-f55610d0a907;2024-07-24T07:58:00Z;6.801;6.801;6.801;6.801;11;
ebfda284-4291-4337-9dfb-f55610d0a907;2024-07-24T07:59:00Z;6.8;6.782;6.8;6.782;228;
ebfda284-4291-4337-9dfb-f55610d0a907;2024-07-24T08:00:00Z;6.782;6.772;6.782;6.772;242;
ebfda284-4291-4337-9dfb-f55610d0a907;2024-07-24T08:01:00Z;6.776;6.772;6.777;6.772;92;
ebfda284-4291-4337-9dfb-f55610d0a907;2024-07-24T08:02:00Z;6.772;6.78;6.78;6.757;238;
ebfda284-4291-4337-9dfb-f55610d0a907;2024-07-24T08:06:00Z;6.769;6.768;6.769;6.768;35;
ebfda284-4291-4337-9dfb-f55610d0a907;2024-07-24T08:07:00Z;6.769;6.769;6.769;6.769;1;
ebfda284-4291-4337-9dfb-f55610d0a907;2024-07-24T08:08:00Z;6.769;6.775;6.775;6.769;6;
ebfda284-4291-4337-9dfb-f55610d0a907;2024-07-24T08:09:00Z;6.769;6.769;6.769;6.769;10;
ebfda284-4291-4337-9dfb-f55610d0a907;2024-07-24T08:10:00Z;6.769;6.769;6.769;6.769;5;
ebfda284-4291-4337-9dfb-f55610d0a907;2024-07-24T08:11:00Z;6.769;6.77;6.77;6.769;16;
ebfda284-4291-4337-9dfb-f55610d0a907;2024-07-24T08:12:00Z;6.787;6.787;6.787;6.787;5;
ebfda284-4291-4337-9dfb-f55610d0a907;2024-07-24T08:18:00Z;6.793;6.791;6.793;6.791;38;
ebfda284-4291-4337-9dfb-f55610d0a907;2024-07-24T08:19:00Z;6.787;6.795;6.795;6.787;53;
ebfda284-4291-4337-9dfb-f55610d0a907;2024-07-24T08:21:00Z;6.795;6.831;6.832;6.795;911;
ebfda284-4291-4337-9dfb-f55610d0a907;2024-07-24T08:23:00Z;6.826;6.817;6.826;6.817;6;
ebfda284-4291-4337-9dfb-f55610d0a907;2024-07-24T08:27:00Z;6.827;6.829;6.829;6.827;24;
ebfda284-4291-4337-9dfb-f55610d0a907;2024-07-24T08:28:00Z;6.82;6.811;6.82;6.811;17;
ebfda284-4291-4337-9dfb-f55610d0a907;2024-07-24T08:29:00Z;6.827;6.827;6.827;6.827;1;
ebfda284-4291-4337-9dfb-f55610d0a907;2024-07-24T08:32:00Z;6.82;6.815;6.82;6.814;10;
ebfda284-4291-4337-9dfb-f55610d0a907;2024-07-24T08:36:00Z;6.824;6.824;6.824;6.824;2;
ebfda284-4291-4337-9dfb-f55610d0a907;2024-07-24T08:37:00Z;6.818;6.812;6.818;6.812;73;
ebfda284-4291-4337-9dfb-f55610d0a907;2024-07-24T08:38:00Z;6.811;6.811;6.811;6.811;8;
ebfda284-4291-4337-9dfb-f55610d0a907;2024-07-24T08:40:00Z;6.823;6.824;6.824;6.823;40;
ebfda284-4291-4337-9dfb-f55610d0a907;2024-07-24T08:41:00Z;6.823;6.825;6.825;6.823;3;
ebfda284-4291-4337-9dfb-f55610d0a907;2024-07-24T08:43:00Z;6.819;6.83;6.83;6.819;25;
ebfda284-4291-4337-9dfb-f55610d0a907;2024-07-24T08:45:00Z;6.83;6.83;6.83;6.83;1;
ebfda284-4291-4337-9dfb-f55610d0a907;2024-07-24T08:46:00Z;6.831;6.831;6.831;6.831;27;
ebfda284-4291-4337-9dfb-f55610d0a907;2024-07-24T08:47:00Z;6.827;6.827;6.827;6.827;1;
ebfda284-4291-4337-9dfb-f55610d0a907;2024-07-24T08:48:00Z;6.826;6.826;6.826;6.826;4;
ebfda284-4291-4337-9dfb-f55610d0a907;2024-07-24T08:49:00Z;6.819;6.831;6.831;6.819;139;
ebfda284-4291-4337-9dfb-f55610d0a907;2024-07-24T08:50:00Z;6.828;6.81;6.828;6.81;203;
ebfda284-4291-4337-9dfb-f55610d0a907;2024-07-24T08:52:00Z;6.818;6.818;6.818;6.818;3;
ebfda284-4291-4337-9dfb-f55610d0a907;2024-07-24T08:54:00Z;6.811;6.811;6.811;6.811;1;
ebfda284-4291-4337-9dfb-f55610d0a907;2024-07-24T08:56:00Z;6.811;6.812;6.812;6.811;43;
ebfda284-4291-4337-9dfb-f55610d0a907;2024-07-24T08:57:00Z;6.815;6.815;6.815;6.815;1;
ebfda284-4291-4337-9dfb-f55610d0a907;2024-07-24T08:59:00Z;6.817;6.817;6.832;6.817;301;
ebfda284-4291-4337-9dfb-f55610d0a907;2024-07-24T09:00:00Z;6.822;6.822;6.822;6.822;6;
ebfda284-4291-4337-9dfb-f55610d0a907;2024-07-24T09:01:00Z;6.816;6.801;6.816;6.801;235;
ebfda284-4291-4337-9dfb-f55610d0a907;2024-07-24T09:02:00Z;6.8;6.796;6.8;6.789;178;
ebfda284-4291-4337-9dfb-f55610d0a907;2024-07-24T09:03:00Z;6.792;6.797;6.797;6.792;43;
ebfda284-4291-4337-9dfb-f55610d0a907;2024-07-24T09:04:00Z;6.803;6.803;6.803;6.803;4;
ebfda284-4291-4337-9dfb-f55610d0a907;2024-07-24T09:05:00Z;6.804;6.804;6.804;6.804;3;
ebfda284-4291-4337-9dfb-f55610d0a907;2024-07-24T09:06:00Z;6.8;6.806;6.806;6.8;6;
ebfda284-4291-4337-9dfb-f55610d0a907;2024-07-24T09:07:00Z;6.806;6.806;6.807;6.806;21;
ebfda284-4291-4337-9dfb-f55610d0a907;2024-07-24T09:09:00Z;6.807;6.806;6.807;6.806;17;
ebfda284-4291-4337-9dfb-f55610d0a907;2024-07-24T09:10:00Z;6.811;6.811;6.811;6.811;4;
ebfda284-4291-4337-9dfb-f55610d0a907;2024-07-24T09:14:00Z;6.808;6.811;6.811;6.808;3;
ebfda284-4291-4337-9dfb-f55610d0a907;2024-07-24T09:16:00Z;6.812;6.808;6.812;6.808;23;
ebfda284-4291-4337-9dfb-f55610d0a907;2024-07-24T09:19:00Z;6.806;6.802;6.806;6.802;79;
ebfda284-4291-4337-9dfb-f55610d0a907;2024-07-24T09:21:00Z;6.802;6.802;6.802;6.802;31;
ebfda284-4291-4337-9dfb-f55610d0a907;2024-07-24T09:22:00Z;6.802;6.8;6.802;6.8;77;
ebfda284-4291-4337-9dfb-f55610d0a907;2024-07-24T09:23:00Z;6.807;6.8;6.807;6.8;4;
ebfda284-4291-4337-9dfb-f55610d0a907;2024-07-24T09:24:00Z;6.8;6.789;6.8;6.789;114;
ebfda284-4291-4337-9dfb-f55610d0a907;2024-07-24T09:25:00Z;6.789;6.781;6.789;6.78;78;
ebfda284-4291-4337-9dfb-f55610d0a907;2024-07-24T09:26:00Z;6.781;6.782;6.782;6.781;6;
ebfda284-4291-4337-9dfb-f55610d0a907;2024-07-24T09:27:00Z;6.782;6.781;6.782;6.78;41;
ebfda284-4291-4337-9dfb-f55610d0a907;2024-07-24T09:30:00Z;6.781;6.783;6.788;6.781;37;
ebfda284-4291-4337-9dfb-f55610d0a907;2024-07-24T09:31:00Z;6.789;6.775;6.789;6.775;200;
ebfda284-4291-4337-9dfb-f55610d0a907;2024-07-24T09:33:00Z;6.774;6.774;6.774;6.774;2;
ebfda284-4291-4337-9dfb-f55610d0a907;2024-07-24T09:35:00Z;6.781;6.782;6.782;6.781;3;
ebfda284-4291-4337-9dfb-f55610d0a907;2024-07-24T09:36:00Z;6.774;6.774;6.774;6.774;7;
ebfda284-4291-4337-9dfb-f55610d0a907;2024-07-24T09:37:00Z;6.774;6.775;6.782;6.772;19;
ebfda284-4291-4337-9dfb-f55610d0a907;2024-07-24T09:38:00Z;6.774;6.774;6.774;6.774;6;
ebfda284-4291-4337-9dfb-f55610d0a907;2024-07-24T09:40:00Z;6.788;6.775;6.788;6.775;85;
ebfda284-4291-4337-9dfb-f55610d0a907;2024-07-24T09:41:00Z;6.777;6.777;6.777;6.777;8;
ebfda284-4291-4337-9dfb-f55610d0a907;2024-07-24T09:42:00Z;6.776;6.775;6.776;6.775;41;
ebfda284-4291-4337-9dfb-f55610d0a907;2024-07-24T09:44:00Z;6.778;6.778;6.778;6.778;20;
ebfda284-4291-4337-9dfb-f55610d0a907;2024-07-24T09:45:00Z;6.779;6.78;6.78;6.779;33;
ebfda284-4291-4337-9dfb-f55610d0a907;2024-07-24T09:46:00Z;6.785;6.775;6.788;6.771;142;
ebfda284-4291-4337-9dfb-f55610d0a907;2024-07-24T09:47:00Z;6.775;6.775;6.775;6.773;29;
ebfda284-4291-4337-9dfb-f55610d0a907;2024-07-24T09:48:00Z;6.771;6.771;6.771;6.771;47;
ebfda284-4291-4337-9dfb-f55610d0a907;2024-07-24T09:49:00Z;6.771;6.77;6.771;6.77;34;
ebfda284-4291-4337-9dfb-f55610d0a907;2024-07-24T09:50:00Z;6.775;6.775;6.775;6.775;3;
ebfda284-4291-4337-9dfb-f55610d0a907;2024-07-24T09:51:00Z;6.774;6.774;6.774;6.774;9;
ebfda284-4291-4337-9dfb-f55610d0a907;2024-07-24T09:52:00Z;6.774;6.775;6.775;6.774;29;
ebfda284-4291-4337-9dfb-f55610d0a907;2024-07-24T09:54:00Z;6.771;6.771;6.771;6.771;5;
ebfda284-4291-4337-9dfb-f55610d0a907;2024-07-24T09:55:00Z;6.774;6.774;6.774;6.774;1;
ebfda284-4291-4337-9dfb-f55610d0a907;2024-07-24T09:58:00Z;6.774;6.774;6.774;6.774;10;
ebfda284-4291-4337-9dfb-f55610d0a907;2024-07-24T10:00:00Z;6.772;6.771;6.772;6.771;56;
ebfda284-4291-4337-9dfb-f55610d0a907;2024-07-24T10:02:00Z;6.771;6.771;6.771;6.771;6;
ebfda284-4291-4337-9dfb-f55610d0a907;2024-07-24T10:03:00Z;6.774;6.774;6.774;6.774;1;
ebfda284-4291-4337-9dfb-f55610d0a907;2024-07-24T10:09:00Z;6.775;6.775;6.775;6.775;7;
ebfda284-4291-4337-9dfb-f55610d0a907;2024-07-24T10:10:00Z;6.775;6.775;6.775;6.775;1;
ebfda284-4291-4337-9dfb-f55610d0a907;2024-07-24T10:11:00Z;6.773;6.773;6.773;6.773;17;
ebfda284-4291-4337-9dfb-f55610d0a907;2024-07-24T10:17:00Z;6.775;6.775;6.775;6.775;1;
ebfda284-4291-4337-9dfb-f55610d0a907;2024-07-24T10:19:00Z;6.775;6.775;6.775;6.775;16;
ebfda284-4291-4337-9dfb-f55610d0a907;2024-07-24T10:20:00Z;6.775;6.775;6.775;6.775;1;
ebfda284-4291-4337-9dfb-f55610d0a907;2024-07-24T10:23:00Z;6.775;6.775;6.775;6.775;19;
ebfda284-4291-4337-9dfb-f55610d0a907;2024-07-24T10:25:00Z;6.774;6.771;6.774;6.771;134;
ebfda284-4291-4337-9dfb-f55610d0a907;2024-07-24T10:26:00Z;6.771;6.759;6.771;6.759;649;
ebfda284-4291-4337-9dfb-f55610d0a907;2024-07-24T10:27:00Z;6.759;6.759;6.759;6.759;40;
ebfda284-4291-4337-9dfb-f55610d0a907;2024-07-24T10:29:00Z;6.762;6.76;6.762;6.76;21;
ebfda284-4291-4337-9dfb-f55610d0a907;2024-07-24T10:33:00Z;6.764;6.775;6.775;6.764;530;
ebfda284-4291-4337-9dfb-f55610d0a907;2024-07-24T10:34:00Z;6.774;6.774;6.774;6.774;6;
ebfda284-4291-4337-9dfb-f55610d0a907;2024-07-24T10:37:00Z;6.764;6.76;6.764;6.76;50;
ebfda284-4291-4337-9dfb-f55610d0a907;2024-07-24T10:38:00Z;6.76;6.76;6.76;6.76;6;
ebfda284-4291-4337-9dfb-f55610d0a907;2024-07-24T10:39:00Z;6.762;6.761;6.762;6.761;35;
ebfda284-4291-4337-9dfb-f55610d0a907;2024-07-24T10:41:00Z;6.769;6.762;6.769;6.761;38;
ebfda284-4291-4337-9dfb-f55610d0a907;2024-07-24T10:47:00Z;6.762;6.762;6.762;6.762;1;
ebfda284-4291-4337-9dfb-f55610d0a907;2024-07-24T10:48:00Z;6.771;6.775;6.775;6.771;197;
ebfda284-4291-4337-9dfb-f55610d0a907;2024-07-24T10:50:00Z;6.775;6.775;6.775;6.775;20;
ebfda284-4291-4337-9dfb-f55610d0a907;2024-07-24T10:52:00Z;6.776;6.776;6.776;6.776;1;
ebfda284-4291-4337-9dfb-f55610d0a907;2024-07-24T10:54:00Z;6.776;6.777;6.777;6.776;9;
ebfda284-4291-4337-9dfb-f55610d0a907;2024-07-24T10:56:00Z;6.776;6.776;6.776;6.776;3;
ebfda284-4291-4337-9dfb-f55610d0a907;2024-07-24T10:57:00Z;6.778;6.78;6.78;6.778;21;
ebfda284-4291-4337-9dfb-f55610d0a907;2024-07-24T10:58:00Z;6.78;6.78;6.78;6.78;1;
ebfda284-4291-4337-9dfb-f55610d0a907;2024-07-24T10:59:00Z;6.779;6.779;6.779;6.779;20;
ebfda284-4291-4337-9dfb-f55610d0a907;2024-07-24T11:01:00Z;6.78;6.78;6.78;6.78;1;
ebfda284-4291-4337-9dfb-f55610d0a907;2024-07-24T11:04:00Z;6.778;6.778;6.778;6.778;1;
ebfda284-4291-4337-9dfb-f55610d0a907;2024-07-24T11:05:00Z;6.78;6.78;6.78;6.78;1;
ebfda284-4291-4337-9dfb-f55610d0a907;2024-07-24T11:07:00Z;6.78;6.778;6.78;6.778;5;
ebfda284-4291-4337-9dfb-f55610d0a907;2024-07-24T11:08:00Z;6.778;6.777;6.778;6.777;30;
ebfda284-4291-4337-9dfb-f55610d0a907;2024-07-24T11:11:00Z;6.78;6.78;6.78;6.78;30;
ebfda284-4291-4337-9dfb-f55610d0a907;2024-07-24T11:12:00Z;6.778;6.778;6.778;6.778;1;
ebfda284-4291-4337-9dfb-f55610d0a907;2024-07-24T11:13:00Z;6.778;6.778;6.778;6.778;2;
ebfda284-4291-4337-9dfb-f55610d0a907;2024-07-24T11:14:00Z;6.778;6.775;6.778;6.775;12;
ebfda284-4291-4337-9dfb-f55610d0a907;2024-07-24T11:16:00Z;6.775;6.775;6.775;6.775;1;
ebfda284-4291-4337-9dfb-f55610d0a907;2024-07-24T11:17:00Z;6.78;6.78;6.78;6.78;3;
ebfda284-4291-4337-9dfb-f55610d0a907;2024-07-24T11:18:00Z;6.775;6.775;6.775;6.775;1;
ebfda284-4291-4337-9dfb-f55610d0a907;2024-07-24T11:21:00Z;6.779;6.78;6.78;6.779;87;
ebfda284-4291-4337-9dfb-f55610d0a907;2024-07-24T11:26:00Z;6.78;6.78;6.78;6.78;25;
ebfda284-4291-4337-9dfb-f55610d0a907;2024-07-24T11:28:00Z;6.78;6.78;6.78;6.78;2;
ebfda284-4291-4337-9dfb-f55610d0a907;2024-07-24T11:30:00Z;6.78;6.78;6.78;6.78;11;
ebfda284-4291-4337-9dfb-f55610d0a907;2024-07-24T11:31:00Z;6.78;6.78;6.78;6.78;3;
ebfda284-4291-4337-9dfb-f55610d0a907;2024-07-24T11:32:00Z;6.78;6.775;6.78;6.775;20;
ebfda284-4291-4337-9dfb-f55610d0a907;2024-07-24T11:34:00Z;6.778;6.778;6.778;6.778;10;
ebfda284-4291-4337-9dfb-f55610d0a907;2024-07-24T11:37:00Z;6.779;6.78;6.78;6.779;31;
ebfda284-4291-4337-9dfb-f55610d0a907;2024-07-24T11:38:00Z;6.779;6.775;6.779;6.775;77;
ebfda284-4291-4337-9dfb-f55610d0a907;2024-07-24T11:39:00Z;6.775;6.765;6.775;6.764;45;
ebfda284-4291-4337-9dfb-f55610d0a907;2024-07-24T11:40:00Z;6.764;6.763;6.764;6.763;79;
ebfda284-4291-4337-9dfb-f55610d0a907;2024-07-24T11:42:00Z;6.763;6.773;6.775;6.763;57;
ebfda284-4291-4337-9dfb-f55610d0a907;2024-07-24T11:43:00Z;6.769;6.769;6.769;6.769;1;
ebfda284-4291-4337-9dfb-f55610d0a907;2024-07-24T11:44:00Z;6.768;6.776;6.776;6.768;51;
ebfda284-4291-4337-9dfb-f55610d0a907;2024-07-24T11:45:00Z;6.776;6.776;6.776;6.776;9;
ebfda284-4291-4337-9dfb-f55610d0a907;2024-07-24T11:46:00Z;6.774;6.776;6.776;6.774;83;
ebfda284-4291-4337-9dfb-f55610d0a907;2024-07-24T11:49:00Z;6.776;6.778;6.778;6.776;15;
ebfda284-4291-4337-9dfb-f55610d0a907;2024-07-24T11:50:00Z;6.776;6.766;6.776;6.764;178;
ebfda284-4291-4337-9dfb-f55610d0a907;2024-07-24T11:52:00Z;6.77;6.77;6.77;6.77;5;
ebfda284-4291-4337-9dfb-f55610d0a907;2024-07-24T11:53:00Z;6.766;6.766;6.766;6.766;3;
ebfda284-4291-4337-9dfb-f55610d0a907;2024-07-24T11:54:00Z;6.766;6.766;6.766;6.766;19;
ebfda284-4291-4337-9dfb-f55610d0a907;2024-07-24T11:55:00Z;6.766;6.766;6.766;6.766;95;
ebfda284-4291-4337-9dfb-f55610d0a907;2024-07-24T11:56:00Z;6.769;6.769;6.769;6.769;1;
ebfda284-4291-4337-9dfb-f55610d0a907;2024-07-24T11:57:00Z;6.765;6.761;6.765;6.761;173;
ebfda284-4291-4337-9dfb-f55610d0a907;2024-07-24T11:58:00Z;6.761;6.761;6.761;6.761;2;
ebfda284-4291-4337-9dfb-f55610d0a907;2024-07-24T12:01:00Z;6.761;6.763;6.763;6.761;41;
ebfda284-4291-4337-9dfb-f55610d0a907;2024-07-24T12:02:00Z;6.763;6.763;6.763;6.763;10;
ebfda284-4291-4337-9dfb-f55610d0a907;2024-07-24T12:05:00Z;6.764;6.764;6.764;6.764;5;
ebfda284-4291-4337-9dfb-f55610d0a907;2024-07-24T12:06:00Z;6.765;6.767;6.767;6.765;50;
ebfda284-4291-4337-9dfb-f55610d0a907;2024-07-24T12:07:00Z;6.771;6.784;6.784;6.771;750;
ebfda284-4291-4337-9dfb-f55610d0a907;2024-07-24T12:08:00Z;6.779;6.779;6.779;6.777;51;
ebfda284-4291-4337-9dfb-f55610d0a907;2024-07-24T12:09:00Z;6.78;6.784;6.784;6.78;120;
ebfda284-4291-4337-9dfb-f55610d0a907;2024-07-24T12:12:00Z;6.77;6.77;6.77;6.77;14;
ebfda284-4291-4337-9dfb-f55610d0a907;2024-07-24T12:17:00Z;6.773;6.773;6.773;6.773;1;
ebfda284-4291-4337-9dfb-f55610d0a907;2024-07-24T12:20:00Z;6.772;6.772;6.772;6.772;1;
ebfda284-4291-4337-9dfb-f55610d0a907;2024-07-24T12:21:00Z;6.769;6.768;6.769;6.768;13;
ebfda284-4291-4337-9dfb-f55610d0a907;2024-07-24T12:23:00Z;6.767;6.768;6.769;6.761;244;
ebfda284-4291-4337-9dfb-f55610d0a907;2024-07-24T12:24:00Z;6.768;6.768;6.768;6.768;67;
ebfda284-4291-4337-9dfb-f55610d0a907;2024-07-24T12:26:00Z;6.769;6.774;6.774;6.769;256;
ebfda284-4291-4337-9dfb-f55610d0a907;2024-07-24T12:27:00Z;6.773;6.773;6.773;6.773;1;
ebfda284-4291-4337-9dfb-f55610d0a907;2024-07-24T12:28:00Z;6.773;6.773;6.773;6.773;40;
ebfda284-4291-4337-9dfb-f55610d0a907;2024-07-24T12:29:00Z;6.773;6.773;6.773;6.773;4;
ebfda284-4291-4337-9dfb-f55610d0a907;2024-07-24T12:30:00Z;6.773;6.773;6.773;6.773;12;
ebfda284-4291-4337-9dfb-f55610d0a907;2024-07-24T12:31:00Z;6.774;6.774;6.774;6.774;14;
ebfda284-4291-4337-9dfb-f55610d0a907;2024-07-24T12:32:00Z;6.773;6.773;6.773;6.773;1;
ebfda284-4291-4337-9dfb-f55610d0a907;2024-07-24T12:33:00Z;6.774;6.774;6.774;6.774;1;
ebfda284-4291-4337-9dfb-f55610d0a907;2024-07-24T12:37:00Z;6.774;6.774;6.774;6.774;1;
ebfda284-4291-4337-9dfb-f55610d0a907;2024-07-24T12:42:00Z;6.773;6.773;6.773;6.773;1;
ebfda284-4291-4337-9dfb-f55610d0a907;2024-07-24T12:44:00Z;6.773;6.774;6.774;6.773;121;
ebfda284-4291-4337-9dfb-f55610d0a907;2024-07-24T12:45:00Z;6.773;6.774;6.774;6.773;147;
ebfda284-4291-4337-9dfb-f55610d0a907;2024-07-24T12:46:00Z;6.774;6.774;6.774;6.774;146;
ebfda284-4291-4337-9dfb-f55610d0a907;2024-07-24T12:49:00Z;6.774;6.774;6.774;6.774;4;
ebfda284-4291-4337-9dfb-f55610d0a907;2024-07-24T12:52:00Z;6.773;6.773;6.773;6.773;80;
ebfda284-4291-4337-9dfb-f55610d0a907;2024-07-24T12:53:00Z;6.773;6.77;6.773;6.769;79;
ebfda284-4291-4337-9dfb-f55610d0a907;2024-07-24T12:54:00Z;6.77;6.77;6.77;6.77;13;
ebfda284-4291-4337-9dfb-f55610d0a907;2024-07-24T12:55:00Z;6.77;6.77;6.77;6.77;8;
ebfda284-4291-4337-9dfb-f55610d0a907;2024-07-24T12:57:00Z;6.77;6.77;6.77;6.77;9;
ebfda284-4291-4337-9dfb-f55610d0a907;2024-07-24T12:59:00Z;6.769;6.768;6.769;6.768;86;
ebfda284-4291-4337-9dfb-f55610d0a907;2024-07-24T13:01:00Z;6.769;6.769;6.769;6.769;1;
ebfda284-4291-4337-9dfb-f55610d0a907;2024-07-24T13:02:00Z;6.768;6.768;6.768;6.768;58;
ebfda284-4291-4337-9dfb-f55610d0a907;2024-07-24T13:03:00Z;6.769;6.769;6.769;6.769;4;
ebfda284-4291-4337-9dfb-f55610d0a907;2024-07-24T13:04:00Z;6.769;6.769;6.769;6.769;151;
ebfda284-4291-4337-9dfb-f55610d0a907;2024-07-24T13:06:00Z;6.769;6.769;6.769;6.769;29;
ebfda284-4291-4337-9dfb-f55610d0a907;2024-07-24T13:07:00Z;6.769;6.769;6.769;6.769;1;
ebfda284-4291-4337-9dfb-f55610d0a907;2024-07-24T13:08:00Z;6.769;6.769;6.769;6.769;1;
ebfda284-4291-4337-9dfb-f55610d0a907;2024-07-24T13:09:00Z;6.769;6.769;6.769;6.769;1;
ebfda284-4291-4337-9dfb-f55610d0a907;2024-07-24T13:10:00Z;6.769;6.769;6.769;6.769;1;
ebfda284-4291-4337-9dfb-f55610d0a907;2024-07-24T13:11:00Z;6.768;6.768;6.768;6.768;40;
ebfda284-4291-4337-9dfb-f55610d0a907;2024-07-24T13:12:00Z;6.769;6.769;6.769;6.769;1;
ebfda284-4291-4337-9dfb-f55610d0a907;2024-07-24T13:14:00Z;6.769;6.769;6.769;6.769;3;
ebfda284-4291-4337-9dfb-f55610d0a907;2024-07-24T13:17:00Z;6.769;6.769;6.769;6.769;3;
ebfda284-4291-4337-9dfb-f55610d0a907;2024-07-24T13:18:00Z;6.769;6.769;6.769;6.769;1;
ebfda284-4291-4337-9dfb-f55610d0a907;2024-07-24T13:22:00Z;6.769;6.769;6.769;6.769;10;
ebfda284-4291-4337-9dfb-f55610d0a907;2024-07-24T13:23:00Z;6.769;6.769;6.769;6.769;156;
ebfda284-4291-4337-9dfb-f55610d0a907;2024-07-24T13:28:00Z;6.77;6.771;6.771;6.77;18;
ebfda284-4291-4337-9dfb-f55610d0a907;2024-07-24T13:30:00Z;6.77;6.77;6.77;6.77;3;
ebfda284-4291-4337-9dfb-f55610d0a907;2024-07-24T13:31:00Z;6.771;6.771;6.771;6.771;1;
ebfda284-4291-4337-9dfb-f55610d0a907;2024-07-24T13:37:00Z;6.773;6.773;6.773;6.773;7;
ebfda284-4291-4337-9dfb-f55610d0a907;2024-07-24T13:38:00Z;6.77;6.77;6.77;6.77;1;
ebfda284-4291-4337-9dfb-f55610d0a907;2024-07-24T13:41:00Z;6.771;6.774;6.774;6.77;275;
ebfda284-4291-4337-9dfb-f55610d0a907;2024-07-24T13:43:00Z;6.774;6.774;6.774;6.774;1;
ebfda284-4291-4337-9dfb-f55610d0a907;2024-07-24T13:45:00Z;6.774;6.774;6.774;6.774;28;
ebfda284-4291-4337-9dfb-f55610d0a907;2024-07-24T13:47:00Z;6.774;6.77;6.774;6.77;21;
ebfda284-4291-4337-9dfb-f55610d0a907;2024-07-24T13:51:00Z;6.774;6.774;6.774;6.774;27;
ebfda284-4291-4337-9dfb-f55610d0a907;2024-07-24T13:52:00Z;6.774;6.786;6.786;6.773;137;
ebfda284-4291-4337-9dfb-f55610d0a907;2024-07-24T13:53:00Z;6.787;6.793;6.793;6.787;143;
ebfda284-4291-4337-9dfb-f55610d0a907;2024-07-24T13:54:00Z;6.792;6.792;6.794;6.792;32;
ebfda284-4291-4337-9dfb-f55610d0a907;2024-07-24T13:55:00Z;6.792;6.792;6.792;6.792;1;
ebfda284-4291-4337-9dfb-f55610d0a907;2024-07-24T13:56:00Z;6.795;6.798;6.798;6.795;381;
ebfda284-4291-4337-9dfb-f55610d0a907;2024-07-24T13:57:00Z;6.798;6.798;6.798;6.798;114;
ebfda284-4291-4337-9dfb-f55610d0a907;2024-07-24T13:58:00Z;6.798;6.797;6.798;6.796;44;
ebfda284-4291-4337-9dfb-f55610d0a907;2024-07-24T13:59:00Z;6.797;6.801;6.801;6.795;260;
ebfda284-4291-4337-9dfb-f55610d0a907;2024-07-24T14:00:00Z;6.801;6.819;6.823;6.801;259;
ebfda284-4291-4337-9dfb-f55610d0a907;2024-07-24T14:01:00Z;6.825;6.829;6.829;6.821;254;
ebfda284-4291-4337-9dfb-f55610d0a907;2024-07-24T14:02:00Z;6.826;6.825;6.826;6.825;45;
ebfda284-4291-4337-9dfb-f55610d0a907;2024-07-24T14:03:00Z;6.819;6.819;6.819;6.819;58;
ebfda284-4291-4337-9dfb-f55610d0a907;2024-07-24T14:04:00Z;6.824;6.825;6.828;6.821;96;
ebfda284-4291-4337-9dfb-f55610d0a907;2024-07-24T14:05:00Z;6.828;6.828;6.829;6.828;47;
ebfda284-4291-4337-9dfb-f55610d0a907;2024-07-24T14:06:00Z;6.828;6.829;6.829;6.827;66;
ebfda284-4291-4337-9dfb-f55610d0a907;2024-07-24T14:07:00Z;6.829;6.826;6.829;6.826;206;
ebfda284-4291-4337-9dfb-f55610d0a907;2024-07-24T14:08:00Z;6.821;6.822;6.822;6.803;287;
ebfda284-4291-4337-9dfb-f55610d0a907;2024-07-24T14:09:00Z;6.817;6.821;6.821;6.817;46;
ebfda284-4291-4337-9dfb-f55610d0a907;2024-07-24T14:10:00Z;6.821;6.82;6.821;6.82;8;
ebfda284-4291-4337-9dfb-f55610d0a907;2024-07-24T14:11:00Z;6.821;6.821;6.821;6.821;1;
ebfda284-4291-4337-9dfb-f55610d0a907;2024-07-24T14:12:00Z;6.82;6.82;6.82;6.82;12;
ebfda284-4291-4337-9dfb-f55610d0a907;2024-07-24T14:13:00Z;6.818;6.818;6.818;6.818;6;
ebfda284-4291-4337-9dfb-f55610d0a907;2024-07-24T14:15:00Z;6.82;6.834;6.834;6.819;342;
ebfda284-4291-4337-9dfb-f55610d0a907;2024-07-24T14:16:00Z;6.834;6.834;6.838;6.834;182;
ebfda284-4291-4337-9dfb-f55610d0a907;2024-07-24T14:17:00Z;6.832;6.832;6.832;6.832;24;
ebfda284-4291-4337-9dfb-f55610d0a907;2024-07-24T14:18:00Z;6.83;6.828;6.83;6.828;104;
ebfda284-4291-4337-9dfb-f55610d0a907;2024-07-24T14:19:00Z;6.834;6.835;6.835;6.834;9;
ebfda284-4291-4337-9dfb-f55610d0a907;2024-07-24T14:21:00Z;6.835;6.837;6.84;6.835;231;
ebfda284-4291-4337-9dfb-f55610d0a907;2024-07-24T14:22:00Z;6.844;6.85;6.85;6.844;191;
ebfda284-4291-4337-9dfb-f55610d0a907;2024-07-24T14:23:00Z;6.848;6.838;6.848;6.838;93;
ebfda284-4291-4337-9dfb-f55610d0a907;2024-07-24T14:24:00Z;6.847;6.847;6.847;6.847;6;
ebfda284-4291-4337-9dfb-f55610d0a907;2024-07-24T14:26:00Z;6.844;6.89;6.89;6.844;2094;
ebfda284-4291-4337-9dfb-f55610d0a907;2024-07-24T14:27:00Z;6.894;6.888;6.924;6.875;6216;
ebfda284-4291-4337-9dfb-f55610d0a907;2024-07-24T14:28:00Z;6.887;6.877;6.887;6.876;333;
ebfda284-4291-4337-9dfb-f55610d0a907;2024-07-24T14:29:00Z;6.876;6.86;6.876;6.86;130;
ebfda284-4291-4337-9dfb-f55610d0a907;2024-07-24T14:30:00Z;6.86;6.86;6.86;6.855;24;
ebfda284-4291-4337-9dfb-f55610d0a907;2024-07-24T14:31:00Z;6.86;6.861;6.861;6.86;23;
ebfda284-4291-4337-9dfb-f55610d0a907;2024-07-24T14:33:00Z;6.858;6.859;6.859;6.858;76;
ebfda284-4291-4337-9dfb-f55610d0a907;2024-07-24T14:34:00Z;6.867;6.869;6.869;6.867;44;
ebfda284-4291-4337-9dfb-f55610d0a907;2024-07-24T14:35:00Z;6.869;6.869;6.871;6.869;73;
ebfda284-4291-4337-9dfb-f55610d0a907;2024-07-24T14:39:00Z;6.87;6.859;6.87;6.859;74;
ebfda284-4291-4337-9dfb-f55610d0a907;2024-07-24T14:40:00Z;6.859;6.859;6.859;6.859;51;
ebfda284-4291-4337-9dfb-f55610d0a907;2024-07-24T14:41:00Z;6.864;6.855;6.869;6.855;190;
ebfda284-4291-4337-9dfb-f55610d0a907;2024-07-24T14:42:00Z;6.865;6.865;6.865;6.865;4;
ebfda284-4291-4337-9dfb-f55610d0a907;2024-07-24T14:43:00Z;6.865;6.851;6.866;6.851;54;
ebfda284-4291-4337-9dfb-f55610d0a907;2024-07-24T14:44:00Z;6.857;6.857;6.857;6.857;6;
ebfda284-4291-4337-9dfb-f55610d0a907;2024-07-24T14:45:00Z;6.848;6.848;6.848;6.848;15;
ebfda284-4291-4337-9dfb-f55610d0a907;2024-07-24T14:48:00Z;6.86;6.86;6.86;6.86;6;
ebfda284-4291-4337-9dfb-f55610d0a907;2024-07-24T14:49:00Z;6.868;6.871;6.871;6.868;45;
ebfda284-4291-4337-9dfb-f55610d0a907;2024-07-24T14:50:00Z;6.871;6.872;6.878;6.871;14;
ebfda284-4291-4337-9dfb-f55610d0a907;2024-07-24T14:51:00Z;6.867;6.867;6.867;6.867;35;
ebfda284-4291-4337-9dfb-f55610d0a907;2024-07-24T14:52:00Z;6.867;6.87;6.87;6.867;100;
ebfda284-4291-4337-9dfb-f55610d0a907;2024-07-24T14:55:00Z;6.87;6.87;6.87;6.87;1;
ebfda284-4291-4337-9dfb-f55610d0a907;2024-07-24T14:56:00Z;6.876;6.876;6.876;6.876;1;
ebfda284-4291-4337-9dfb-f55610d0a907;2024-07-24T14:57:00Z;6.877;6.88;6.88;6.843;1318;
ebfda284-4291-4337-9dfb-f55610d0a907;2024-07-24T14:58:00Z;6.88;6.88;6.904;6.879;1165;
ebfda284-4291-4337-9dfb-f55610d0a907;2024-07-24T15:00:00Z;6.898;6.902;6.908;6.898;45;
ebfda284-4291-4337-9dfb-f55610d0a907;2024-07-24T15:01:00Z;6.906;6.901;6.906;6.901;65;
ebfda284-4291-4337-9dfb-f55610d0a907;2024-07-24T15:02:00Z;6.903;6.906;6.906;6.902;28;
ebfda284-4291-4337-9dfb-f55610d0a907;2024-07-24T15:03:00Z;6.907;6.906;6.907;6.906;65;
ebfda284-4291-4337-9dfb-f55610d0a907;2024-07-24T15:05:00Z;6.908;6.915;6.915;6.908;176;
ebfda284-4291-4337-9dfb-f55610d0a907;2024-07-24T15:06:00Z;6.919;6.911;6.919;6.911;209;
ebfda284-4291-4337-9dfb-f55610d0a907;2024-07-24T15:07:00Z;6.917;6.917;6.917;6.917;178;
ebfda284-4291-4337-9dfb-f55610d0a907;2024-07-24T15:08:00Z;6.918;6.918;6.919;6.918;48;
ebfda284-4291-4337-9dfb-f55610d0a907;2024-07-24T15:09:00Z;6.91;6.892;6.91;6.89;177;
ebfda284-4291-4337-9dfb-f55610d0a907;2024-07-24T15:10:00Z;6.893;6.891;6.893;6.888;145;
ebfda284-4291-4337-9dfb-f55610d0a907;2024-07-24T15:12:00Z;6.891;6.891;6.891;6.891;6;
ebfda284-4291-4337-9dfb-f55610d0a907;2024-07-24T15:13:00Z;6.893;6.893;6.893;6.893;2;
ebfda284-4291-4337-9dfb-f55610d0a907;2024-07-24T15:14:00Z;6.895;6.895;6.895;6.895;20;
ebfda284-4291-4337-9dfb-f55610d0a907;2024-07-24T15:16:00Z;6.894;6.894;6.894;6.894;2;
ebfda284-4291-4337-9dfb-f55610d0a907;2024-07-24T15:17:00Z;6.89;6.889;6.89;6.889;6;
ebfda284-4291-4337-9dfb-f55610d0a907;2024-07-24T15:18:00Z;6.889;6.889;6.889;6.889;3;
ebfda284-4291-4337-9dfb-f55610d0a907;2024-07-24T15:19:00Z;6.889;6.884;6.889;6.884;345;
ebfda284-4291-4337-9dfb-f55610d0a907;2024-07-24T15:20:00Z;6.884;6.877;6.884;6.877;51;
ebfda284-4291-4337-9dfb-f55610d0a907;2024-07-24T15:22:00Z;6.873;6.871;6.873;6.856;110;
ebfda284-4291-4337-9dfb-f55610d0a907;2024-07-24T15:23:00Z;6.873;6.873;6.873;6.873;23;
ebfda284-4291-4337-9dfb-f55610d0a907;2024-07-24T15:24:00Z;6.873;6.872;6.874;6.872;16;
ebfda284-4291-4337-9dfb-f55610d0a907;2024-07-24T15:25:00Z;6.864;6.85;6.864;6.843;251;
ebfda284-4291-4337-9dfb-f55610d0a907;2024-07-24T15:26:00Z;6.847;6.846;6.847;6.846;25;
ebfda284-4291-4337-9dfb-f55610d0a907;2024-07-24T15:27:00Z;6.851;6.857;6.858;6.851;43;
ebfda284-4291-4337-9dfb-f55610d0a907;2024-07-24T15:28:00Z;6.857;6.848;6.857;6.848;31;
ebfda284-4291-4337-9dfb-f55610d0a907;2024-07-24T15:29:00Z;6.851;6.855;6.855;6.843;44;
ebfda284-4291-4337-9dfb-f55610d0a907;2024-07-24T15:31:00Z;6.845;6.854;6.854;6.845;4;
ebfda284-4291-4337-9dfb-f55610d0a907;2024-07-24T15:32:00Z;6.845;6.829;6.845;6.829;83;
ebfda284-4291-4337-9dfb-f55610d0a907;2024-07-24T15:33:00Z;6.832;6.844;6.844;6.832;6;
ebfda284-4291-4337-9dfb-f55610d0a907;2024-07-24T15:34:00Z;6.847;6.838;6.85;6.838;98;
ebfda284-4291-4337-9dfb-f55610d0a907;2024-07-24T15:35:00Z;6.85;6.85;6.85;6.85;10;
ebfda284-4291-4337-9dfb-f55610d0a907;2024-07-24T15:36:00Z;6.837;6.836;6.837;6.836;104;
ebfda284-4291-4337-9dfb-f55610d0a907;2024-07-24T15:37:00Z;6.838;6.828;6.838;6.828;91;
ebfda284-4291-4337-9dfb-f55610d0a907;2024-07-24T15:38:00Z;6.841;6.841;6.841;6.841;11;
ebfda284-4291-4337-9dfb-f55610d0a907;2024-07-24T15:39:00Z;6.866;6.866;6.866;6.866;3;
ebfda284-4291-4337-9dfb-f55610d0a907;2024-07-24T15:45:00Z;6.871;6.871;6.871;6.871;76;
ebfda284-4291-4337-9dfb-f55610d0a907;2024-07-24T15:46:00Z;6.871;6.871;6.871;6.871;100;
ebfda284-4291-4337-9dfb-f55610d0a907;2024-07-24T16:04:00Z;6.89;6.89;6.89;6.89;4;
ebfda284-4291-4337-9dfb-f55610d0a907;2024-07-24T16:05:00Z;6.867;6.856;6.882;6.856;58;
ebfda284-4291-4337-9dfb-f55610d0a907;2024-07-24T16:08:00Z;6.861;6.861;6.861;6.861;10;
ebfda284-4291-4337-9dfb-f55610d0a907;2024-07-24T16:09:00Z;6.863;6.863;6.863;6.863;2;
ebfda284-4291-4337-9dfb-f55610d0a907;2024-07-24T16:10:00Z;6.856;6.861;6.861;6.856;5;
ebfda284-4291-4337-9dfb-f55610d0a907;2024-07-24T16:11:00Z;6.856;6.863;6.863;6.856;3;
ebfda284-4291-4337-9dfb-f55610d0a907;2024-07-24T16:13:00Z;6.856;6.85;6.856;6.85;65;
ebfda284-4291-4337-9dfb-f55610d0a907;2024-07-24T16:14:00Z;6.85;6.818;6.85;6.812;289;
ebfda284-4291-4337-9dfb-f55610d0a907;2024-07-24T16:16:00Z;6.818;6.817;6.818;6.816;86;
ebfda284-4291-4337-9dfb-f55610d0a907;2024-07-24T16:17:00Z;6.82;6.82;6.82;6.82;36;
ebfda284-4291-4337-9dfb-f55610d0a907;2024-07-24T16:18:00Z;6.819;6.819;6.819;6.819;34;
ebfda284-4291-4337-9dfb-f55610d0a907;2024-07-24T16:19:00Z;6.822;6.822;6.822;6.822;2;
ebfda284-4291-4337-9dfb-f55610d0a907;2024-07-24T16:21:00Z;6.822;6.822;6.822;6.822;1;
ebfda284-4291-4337-9dfb-f55610d0a907;2024-07-24T16:22:00Z;6.815;6.815;6.815;6.815;2;
ebfda284-4291-4337-9dfb-f55610d0a907;2024-07-24T16:23:00Z;6.819;6.824;6.824;6.819;150;
ebfda284-4291-4337-9dfb-f55610d0a907;2024-07-24T16:25:00Z;6.822;6.815;6.822;6.815;11;
ebfda284-4291-4337-9dfb-f55610d0a907;2024-07-24T16:26:00Z;6.821;6.821;6.821;6.821;1;
ebfda284-4291-4337-9dfb-f55610d0a907;2024-07-24T16:27:00Z;6.822;6.822;6.822;6.822;2;
ebfda284-4291-4337-9dfb-f55610d0a907;2024-07-24T16:29:00Z;6.816;6.815;6.816;6.806;167;
ebfda284-4291-4337-9dfb-f55610d0a907;2024-07-24T16:30:00Z;6.81;6.813;6.813;6.805;133;
ebfda284-4291-4337-9dfb-f55610d0a907;2024-07-24T16:31:00Z;6.805;6.811;6.811;6.803;24;
ebfda284-4291-4337-9dfb-f55610d0a907;2024-07-24T16:32:00Z;6.805;6.808;6.808;6.805;130;
ebfda284-4291-4337-9dfb-f55610d0a907;2024-07-24T16:39:00Z;6.801;6.801;6.801;6.801;1;
ebfda284-4291-4337-9dfb-f55610d0a907;2024-07-24T16:40:00Z;6.801;6.806;6.806;6.8;57;
ebfda284-4291-4337-9dfb-f55610d0a907;2024-07-24T16:42:00Z;6.807;6.81;6.81;6.807;50;
ebfda284-4291-4337-9dfb-f55610d0a907;2024-07-24T16:45:00Z;6.809;6.809;6.809;6.809;1;
ebfda284-4291-4337-9dfb-f55610d0a907;2024-07-24T16:46:00Z;6.808;6.808;6.808;6.808;1;
ebfda284-4291-4337-9dfb-f55610d0a907;2024-07-24T16:49:00Z;6.806;6.804;6.806;6.799;89;
ebfda284-4291-4337-9dfb-f55610d0a907;2024-07-24T16:54:00Z;6.805;6.805;6.805;6.805;2;
ebfda284-4291-4337-9dfb-f55610d0a907;2024-07-24T16:55:00Z;6.799;6.805;6.805;6.799;3;
ebfda284-4291-4337-9dfb-f55610d0a907;2024-07-24T16:56:00Z;6.809;6.812;6.812;6.807;135;
ebfda284-4291-4337-9dfb-f55610d0a907;2024-07-24T16:57:00Z;6.816;6.815;6.82;6.815;243;
ebfda284-4291-4337-9dfb-f55610d0a907;2024-07-24T16:59:00Z;6.805;6.805;6.805;6.805;7;
ebfda284-4291-4337-9dfb-f55610d0a907;2024-07-24T17:01:00Z;6.804;6.81;6.81;6.804;75;
ebfda284-4291-4337-9dfb-f55610d0a907;2024-07-24T17:02:00Z;6.813;6.813;6.813;6.813;5;
ebfda284-4291-4337-9dfb-f55610d0a907;2024-07-24T17:06:00Z;6.816;6.817;6.817;6.816;10;
ebfda284-4291-4337-9dfb-f55610d0a907;2024-07-24T17:07:00Z;6.817;6.818;6.818;6.817;9;
ebfda284-4291-4337-9dfb-f55610d0a907;2024-07-24T17:09:00Z;6.817;6.82;6.82;6.817;117;
ebfda284-4291-4337-9dfb-f55610d0a907;2024-07-24T17:10:00Z;6.82;6.82;6.82;6.82;2;
ebfda284-4291-4337-9dfb-f55610d0a907;2024-07-24T17:11:00Z;6.819;6.825;6.825;6.819;10;
ebfda284-4291-4337-9dfb-f55610d0a907;2024-07-24T17:13:00Z;6.825;6.829;6.829;6.825;22;
ebfda284-4291-4337-9dfb-f55610d0a907;2024-07-24T17:15:00Z;6.829;6.829;6.829;6.829;7;
ebfda284-4291-4337-9dfb-f55610d0a907;2024-07-24T17:16:00Z;6.829;6.83;6.83;6.829;70;
ebfda284-4291-4337-9dfb-f55610d0a907;2024-07-24T17:19:00Z;6.83;6.83;6.83;6.83;1;
ebfda284-4291-4337-9dfb-f55610d0a907;2024-07-24T17:21:00Z;6.83;6.831;6.831;6.83;2;
ebfda284-4291-4337-9dfb-f55610d0a907;2024-07-24T17:24:00Z;6.829;6.829;6.829;6.829;2;
ebfda284-4291-4337-9dfb-f55610d0a907;2024-07-24T17:25:00Z;6.826;6.829;6.829;6.826;28;
ebfda284-4291-4337-9dfb-f55610d0a907;2024-07-24T17:26:00Z;6.829;6.829;6.829;6.829;1;
ebfda284-4291-4337-9dfb-f55610d0a907;2024-07-24T17:29:00Z;6.83;6.83;6.831;6.83;14;
ebfda284-4291-4337-9dfb-f55610d0a907;2024-07-24T17:32:00Z;6.831;6.83;6.831;6.83;2;
ebfda284-4291-4337-9dfb-f55610d0a907;2024-07-24T17:33:00Z;6.831;6.835;6.835;6.831;3;
ebfda284-4291-4337-9dfb-f55610d0a907;2024-07-24T17:34:00Z;6.843;6.842;6.843;6.842;12;
ebfda284-4291-4337-9dfb-f55610d0a907;2024-07-24T17:35:00Z;6.842;6.84;6.842;6.84;9;
ebfda284-4291-4337-9dfb-f55610d0a907;2024-07-24T17:36:00Z;6.841;6.843;6.843;6.841;46;
ebfda284-4291-4337-9dfb-f55610d0a907;2024-07-24T17:37:00Z;6.843;6.843;6.843;6.843;6;
ebfda284-4291-4337-9dfb-f55610d0a907;2024-07-24T17:38:00Z;6.844;6.84;6.844;6.84;3;
ebfda284-4291-4337-9dfb-f55610d0a907;2024-07-24T17:39:00Z;6.844;6.844;6.844;6.844;1;
ebfda284-4291-4337-9dfb-f55610d0a907;2024-07-24T17:40:00Z;6.845;6.845;6.845;6.845;1;
ebfda284-4291-4337-9dfb-f55610d0a907;2024-07-24T17:41:00Z;6.842;6.842;6.842;6.842;1;
ebfda284-4291-4337-9dfb-f55610d0a907;2024-07-24T17:44:00Z;6.848;6.848;6.848;6.848;1;
ebfda284-4291-4337-9dfb-f55610d0a907;2024-07-24T17:45:00Z;6.845;6.841;6.845;6.841;2;
ebfda284-4291-4337-9dfb-f55610d0a907;2024-07-24T17:50:00Z;6.845;6.845;6.845;6.845;3;
ebfda284-4291-4337-9dfb-f55610d0a907;2024-07-24T17:51:00Z;6.846;6.846;6.846;6.846;4;
ebfda284-4291-4337-9dfb-f55610d0a907;2024-07-24T17:53:00Z;6.841;6.841;6.841;6.841;1;
ebfda284-4291-4337-9dfb-f55610d0a907;2024-07-24T17:55:00Z;6.845;6.845;6.845;6.845;1;
ebfda284-4291-4337-9dfb-f55610d0a907;2024-07-24T17:56:00Z;6.847;6.847;6.847;6.847;1;
ebfda284-4291-4337-9dfb-f55610d0a907;2024-07-24T17:59:00Z;6.843;6.84;6.843;6.84;49;
ebfda284-4291-4337-9dfb-f55610d0a907;2024-07-24T18:07:00Z;6.834;6.834;6.834;6.834;1;
ebfda284-4291-4337-9dfb-f55610d0a907;2024-07-24T18:11:00Z;6.833;6.835;6.835;6.833;100;
ebfda284-4291-4337-9dfb-f55610d0a907;2024-07-24T18:16:00Z;6.829;6.829;6.829;6.829;1;
ebfda284-4291-4337-9dfb-f55610d0a907;2024-07-24T18:17:00Z;6.83;6.824;6.83;6.824;80;
ebfda284-4291-4337-9dfb-f55610d0a907;2024-07-24T18:24:00Z;6.835;6.835;6.835;6.835;1;
ebfda284-4291-4337-9dfb-f55610d0a907;2024-07-24T18:26:00Z;6.835;6.835;6.835;6.835;2;
ebfda284-4291-4337-9dfb-f55610d0a907;2024-07-24T18:28:00Z;6.836;6.836;6.836;6.836;12;
ebfda284-4291-4337-9dfb-f55610d0a907;2024-07-24T18:29:00Z;6.836;6.836;6.836;6.836;40;
ebfda284-4291-4337-9dfb-f55610d0a907;2024-07-24T18:33:00Z;6.837;6.836;6.837;6.836;28;
ebfda284-4291-4337-9dfb-f55610d0a907;2024-07-24T18:35:00Z;6.828;6.832;6.832;6.826;24;
ebfda284-4291-4337-9dfb-f55610d0a907;2024-07-24T18:36:00Z;6.832;6.823;6.832;6.821;22;
ebfda284-4291-4337-9dfb-f55610d0a907;2024-07-24T18:38:00Z;6.834;6.834;6.834;6.834;20;
ebfda284-4291-4337-9dfb-f55610d0a907;2024-07-24T18:39:00Z;6.836;6.836;6.836;6.836;8;
ebfda284-4291-4337-9dfb-f55610d0a907;2024-07-24T18:43:00Z;6.83;6.832;6.832;6.827;3;
ebfda284-4291-4337-9dfb-f55610d0a907;2024-07-24T18:44:00Z;6.821;6.816;6.821;6.816;99;
ebfda284-4291-4337-9dfb-f55610d0a907;2024-07-24T18:47:00Z;6.815;6.815;6.815;6.815;1;
ebfda284-4291-4337-9dfb-f55610d0a907;2024-07-24T18:49:00Z;6.815;6.813;6.815;6.813;19;
ebfda284-4291-4337-9dfb-f55610d0a907;2024-07-24T18:50:00Z;6.812;6.812;6.812;6.812;1;
ebfda284-4291-4337-9dfb-f55610d0a907;2024-07-24T18:51:00Z;6.814;6.81;6.814;6.81;59;
ebfda284-4291-4337-9dfb-f55610d0a907;2024-07-24T18:56:00Z;6.814;6.824;6.824;6.814;95;
ebfda284-4291-4337-9dfb-f55610d0a907;2024-07-24T18:59:00Z;6.823;6.824;6.824;6.823;40;
ebfda284-4291-4337-9dfb-f55610d0a907;2024-07-24T19:03:00Z;6.813;6.811;6.813;6.811;520;
ebfda284-4291-4337-9dfb-f55610d0a907;2024-07-24T19:12:00Z;6.828;6.833;6.833;6.828;102;
ebfda284-4291-4337-9dfb-f55610d0a907;2024-07-24T19:13:00Z;6.824;6.824;6.824;6.824;1;
ebfda284-4291-4337-9dfb-f55610d0a907;2024-07-24T19:14:00Z;6.832;6.833;6.833;6.832;22;
ebfda284-4291-4337-9dfb-f55610d0a907;2024-07-24T19:15:00Z;6.835;6.835;6.835;6.835;6;
ebfda284-4291-4337-9dfb-f55610d0a907;2024-07-24T19:18:00Z;6.836;6.839;6.839;6.836;4;
ebfda284-4291-4337-9dfb-f55610d0a907;2024-07-24T19:19:00Z;6.837;6.837;6.837;6.837;1;
ebfda284-4291-4337-9dfb-f55610d0a907;2024-07-24T19:21:00Z;6.838;6.838;6.838;6.838;1;
ebfda284-4291-4337-9dfb-f55610d0a907;2024-07-24T19:23:00Z;6.842;6.842;6.842;6.842;30;
ebfda284-4291-4337-9dfb-f55610d0a907;2024-07-24T19:24:00Z;6.845;6.848;6.848;6.845;21;
ebfda284-4291-4337-9dfb-f55610d0a907;2024-07-24T19:37:00Z;6.849;6.849;6.852;6.849;10;
ebfda284-4291-4337-9dfb-f55610d0a907;2024-07-24T19:40:00Z;6.852;6.853;6.853;6.852;50;
ebfda284-4291-4337-9dfb-f55610d0a907;2024-07-24T19:41:00Z;6.852;6.853;6.853;6.852;60;
ebfda284-4291-4337-9dfb-f55610d0a907;2024-07-24T19:44:00Z;6.853;6.853;6.853;6.853;1;
ebfda284-4291-4337-9dfb-f55610d0a907;2024-07-24T19:45:00Z;6.848;6.846;6.848;6.846;18;
ebfda284-4291-4337-9dfb-f55610d0a907;2024-07-24T19:49:00Z;6.848;6.848;6.848;6.848;1;
ebfda284-4291-4337-9dfb-f55610d0a907;2024-07-24T19:52:00Z;6.852;6.842;6.852;6.842;74;
ebfda284-4291-4337-9dfb-f55610d0a907;2024-07-24T19:53:00Z;6.84;6.84;6.84;6.84;2;
ebfda284-4291-4337-9dfb-f55610d0a907;2024-07-24T19:58:00Z;6.832;6.832;6.832;6.832;1;
ebfda284-4291-4337-9dfb-f55610d0a907;2024-07-24T19:59:00Z;6.84;6.84;6.84;6.84;1;
ebfda284-4291-4337-9dfb-f55610d0a907;2024-07-24T20:13:00Z;6.83;6.827;6.83;6.827;2;
ebfda284-4291-4337-9dfb-f55610d0a907;2024-07-24T20:15:00Z;6.838;6.839;6.839;6.838;84;
ebfda284-4291-4337-9dfb-f55610d0a907;2024-07-24T20:23:00Z;6.839;6.839;6.839;6.839;1;
ebfda284-4291-4337-9dfb-f55610d0a907;2024-07-24T20:33:00Z;6.827;6.827;6.827;6.827;10;
ebfda284-4291-4337-9dfb-f55610d0a907;2024-07-24T20:36:00Z;6.833;6.833;6.833;6.833;1;
ebfda284-4291-4337-9dfb-f55610d0a907;2024-07-24T20:37:00Z;6.833;6.833;6.833;6.833;1;
ebfda284-4291-4337-9dfb-f55610d0a907;2024-07-24T20:40:00Z;6.827;6.827;6.827;6.827;2;
ebfda284-4291-4337-9dfb-f55610d0a907;2024-07-24T20:41:00Z;6.827;6.829;6.829;6.827;4;
ebfda284-4291-4337-9dfb-f55610d0a907;2024-07-24T20:44:00Z;6.833;6.833;6.833;6.833;2;
ebfda284-4291-4337-9dfb-f55610d0a907;2024-07-24T20:46:00Z;6.833;6.813;6.833;6.813;150;
