02cfdf61-6298-4c0f-a9ca-9cabc82afaf3;2024-01-15T06:59:00Z;6950;6950;6950;6950;2290;
02cfdf61-6298-4c0f-a9ca-9cabc82afaf3;2024-01-15T07:00:00Z;6950;6957;6959.5;6948;5254;
02cfdf61-6298-4c0f-a9ca-9cabc82afaf3;2024-01-15T07:01:00Z;6958;6961.5;6964.5;6958;1727;
02cfdf61-6298-4c0f-a9ca-9cabc82afaf3;2024-01-15T07:02:00Z;6961;6964;6964.5;6961;822;
02cfdf61-6298-4c0f-a9ca-9cabc82afaf3;2024-01-15T07:03:00Z;6963.5;6965;6965;6963;1202;
02cfdf61-6298-4c0f-a9ca-9cabc82afaf3;2024-01-15T07:04:00Z;6964.5;6964;6965.5;6963;891;
02cfdf61-6298-4c0f-a9ca-9cabc82afaf3;2024-01-15T07:05:00Z;6964;6961.5;6964.5;6961.5;878;
02cfdf61-6298-4c0f-a9ca-9cabc82afaf3;2024-01-15T07:06:00Z;6963;6962.5;6964;6960;1390;
02cfdf61-6298-4c0f-a9ca-9cabc82afaf3;2024-01-15T07:07:00Z;6961;6960;6962.5;6960;278;
02cfdf61-6298-4c0f-a9ca-9cabc82afaf3;2024-01-15T07:08:00Z;6960;6957;6962;6955.5;1085;
02cfdf61-6298-4c0f-a9ca-9cabc82afaf3;2024-01-15T07:09:00Z;6958.5;6959.5;6959.5;6955.5;705;
02cfdf61-6298-4c0f-a9ca-9cabc82afaf3;2024-01-15T07:10:00Z;6959;6959.5;6960;6955;718;
02cfdf61-6298-4c0f-a9ca-9cabc82afaf3;2024-01-15T07:11:00Z;6959.5;6958;6960;6958;753;
02cfdf61-6298-4c0f-a9ca-9cabc82afaf3;2024-01-15T07:12:00Z;6958.5;6958;6959.5;6957;1630;
02cfdf61-6298-4c0f-a9ca-9cabc82afaf3;2024-01-15T07:13:00Z;6958;6955;6959.5;6954;1843;
02cfdf61-6298-4c0f-a9ca-9cabc82afaf3;2024-01-15T07:14:00Z;6954.5;6956;6956;6953;739;
02cfdf61-6298-4c0f-a9ca-9cabc82afaf3;2024-01-15T07:15:00Z;6955.5;6959;6959;6955;609;
02cfdf61-6298-4c0f-a9ca-9cabc82afaf3;2024-01-15T07:16:00Z;6958;6959.5;6961;6955.5;1312;
02cfdf61-6298-4c0f-a9ca-9cabc82afaf3;2024-01-15T07:17:00Z;6959.5;6963.5;6964;6959;1233;
02cfdf61-6298-4c0f-a9ca-9cabc82afaf3;2024-01-15T07:18:00Z;6963.5;6966.5;6968;6963;1597;
02cfdf61-6298-4c0f-a9ca-9cabc82afaf3;2024-01-15T07:19:00Z;6965;6965.5;6968.5;6963;1328;
02cfdf61-6298-4c0f-a9ca-9cabc82afaf3;2024-01-15T07:20:00Z;6964;6960;6965.5;6959;2006;
02cfdf61-6298-4c0f-a9ca-9cabc82afaf3;2024-01-15T07:21:00Z;6961;6959;6963.5;6958.5;972;
02cfdf61-6298-4c0f-a9ca-9cabc82afaf3;2024-01-15T07:22:00Z;6958.5;6958;6959.5;6958;2384;
02cfdf61-6298-4c0f-a9ca-9cabc82afaf3;2024-01-15T07:23:00Z;6958.5;6954.5;6958.5;6953;2354;
02cfdf61-6298-4c0f-a9ca-9cabc82afaf3;2024-01-15T07:24:00Z;6953.5;6954.5;6956;6953;870;
02cfdf61-6298-4c0f-a9ca-9cabc82afaf3;2024-01-15T07:25:00Z;6954.5;6955;6955;6954;828;
02cfdf61-6298-4c0f-a9ca-9cabc82afaf3;2024-01-15T07:26:00Z;6954.5;6954;6955;6953;2344;
02cfdf61-6298-4c0f-a9ca-9cabc82afaf3;2024-01-15T07:27:00Z;6953.5;6952.5;6954;6951;1032;
02cfdf61-6298-4c0f-a9ca-9cabc82afaf3;2024-01-15T07:28:00Z;6953;6953;6953.5;6951;539;
02cfdf61-6298-4c0f-a9ca-9cabc82afaf3;2024-01-15T07:29:00Z;6953;6953;6953.5;6952.5;938;
02cfdf61-6298-4c0f-a9ca-9cabc82afaf3;2024-01-15T07:30:00Z;6953;6953.5;6953.5;6952;408;
02cfdf61-6298-4c0f-a9ca-9cabc82afaf3;2024-01-15T07:31:00Z;6953.5;6952.5;6953.5;6952.5;620;
02cfdf61-6298-4c0f-a9ca-9cabc82afaf3;2024-01-15T07:32:00Z;6952;6952.5;6953;6952;245;
02cfdf61-6298-4c0f-a9ca-9cabc82afaf3;2024-01-15T07:33:00Z;6952;6952;6953;6951.5;1392;
02cfdf61-6298-4c0f-a9ca-9cabc82afaf3;2024-01-15T07:34:00Z;6952;6950;6953;6949.5;4783;
02cfdf61-6298-4c0f-a9ca-9cabc82afaf3;2024-01-15T07:35:00Z;6949.5;6937.5;6949.5;6931.5;9305;
02cfdf61-6298-4c0f-a9ca-9cabc82afaf3;2024-01-15T07:36:00Z;6938;6935;6940;6933;4024;
02cfdf61-6298-4c0f-a9ca-9cabc82afaf3;2024-01-15T07:37:00Z;6934.5;6927.5;6934.5;6925;8198;
02cfdf61-6298-4c0f-a9ca-9cabc82afaf3;2024-01-15T07:38:00Z;6927;6929;6929;6922;3772;
02cfdf61-6298-4c0f-a9ca-9cabc82afaf3;2024-01-15T07:39:00Z;6929;6931;6931;6928;2140;
02cfdf61-6298-4c0f-a9ca-9cabc82afaf3;2024-01-15T07:40:00Z;6930.5;6929;6931;6928;2107;
02cfdf61-6298-4c0f-a9ca-9cabc82afaf3;2024-01-15T07:41:00Z;6929;6928;6929.5;6927.5;1049;
02cfdf61-6298-4c0f-a9ca-9cabc82afaf3;2024-01-15T07:42:00Z;6928;6929;6929;6928;895;
02cfdf61-6298-4c0f-a9ca-9cabc82afaf3;2024-01-15T07:43:00Z;6929;6931;6931;6929;2103;
02cfdf61-6298-4c0f-a9ca-9cabc82afaf3;2024-01-15T07:44:00Z;6930.5;6932.5;6932.5;6930.5;1461;
02cfdf61-6298-4c0f-a9ca-9cabc82afaf3;2024-01-15T07:45:00Z;6932.5;6938.5;6938.5;6932;2265;
02cfdf61-6298-4c0f-a9ca-9cabc82afaf3;2024-01-15T07:46:00Z;6938;6940;6941.5;6937.5;1679;
02cfdf61-6298-4c0f-a9ca-9cabc82afaf3;2024-01-15T07:47:00Z;6940;6940;6941;6938;645;
02cfdf61-6298-4c0f-a9ca-9cabc82afaf3;2024-01-15T07:48:00Z;6940;6946.5;6948;6940;1620;
02cfdf61-6298-4c0f-a9ca-9cabc82afaf3;2024-01-15T07:49:00Z;6948;6944;6948;6941.5;730;
02cfdf61-6298-4c0f-a9ca-9cabc82afaf3;2024-01-15T07:50:00Z;6943.5;6940;6944;6936;847;
02cfdf61-6298-4c0f-a9ca-9cabc82afaf3;2024-01-15T07:51:00Z;6940;6940;6944;6940;818;
02cfdf61-6298-4c0f-a9ca-9cabc82afaf3;2024-01-15T07:52:00Z;6942.5;6941;6942.5;6940;369;
02cfdf61-6298-4c0f-a9ca-9cabc82afaf3;2024-01-15T07:53:00Z;6940.5;6943;6944.5;6940.5;617;
02cfdf61-6298-4c0f-a9ca-9cabc82afaf3;2024-01-15T07:54:00Z;6944;6941.5;6944;6940.5;371;
02cfdf61-6298-4c0f-a9ca-9cabc82afaf3;2024-01-15T07:55:00Z;6941.5;6936;6941.5;6932.5;3111;
02cfdf61-6298-4c0f-a9ca-9cabc82afaf3;2024-01-15T07:56:00Z;6937;6939;6941;6935;794;
02cfdf61-6298-4c0f-a9ca-9cabc82afaf3;2024-01-15T07:57:00Z;6939;6937.5;6939.5;6935.5;651;
02cfdf61-6298-4c0f-a9ca-9cabc82afaf3;2024-01-15T07:58:00Z;6937.5;6935.5;6937.5;6935;1380;
02cfdf61-6298-4c0f-a9ca-9cabc82afaf3;2024-01-15T07:59:00Z;6936;6938.5;6938.5;6935;2048;
02cfdf61-6298-4c0f-a9ca-9cabc82afaf3;2024-01-15T08:00:00Z;6938;6939.5;6940;6937.5;893;
02cfdf61-6298-4c0f-a9ca-9cabc82afaf3;2024-01-15T08:01:00Z;6939;6941;6941.5;6938.5;550;
02cfdf61-6298-4c0f-a9ca-9cabc82afaf3;2024-01-15T08:02:00Z;6940.5;6937.5;6940.5;6936;478;
02cfdf61-6298-4c0f-a9ca-9cabc82afaf3;2024-01-15T08:03:00Z;6936.5;6937.5;6937.5;6936;175;
02cfdf61-6298-4c0f-a9ca-9cabc82afaf3;2024-01-15T08:04:00Z;6937.5;6936.5;6937.5;6935;560;
02cfdf61-6298-4c0f-a9ca-9cabc82afaf3;2024-01-15T08:05:00Z;6935;6938;6938;6935;223;
02cfdf61-6298-4c0f-a9ca-9cabc82afaf3;2024-01-15T08:06:00Z;6938;6938.5;6939;6938;219;
02cfdf61-6298-4c0f-a9ca-9cabc82afaf3;2024-01-15T08:07:00Z;6938;6936.5;6938;6933;1860;
02cfdf61-6298-4c0f-a9ca-9cabc82afaf3;2024-01-15T08:08:00Z;6936.5;6936;6940;6935;1081;
02cfdf61-6298-4c0f-a9ca-9cabc82afaf3;2024-01-15T08:09:00Z;6936.5;6933.5;6938;6933.5;810;
02cfdf61-6298-4c0f-a9ca-9cabc82afaf3;2024-01-15T08:10:00Z;6934;6932;6934.5;6930;3523;
02cfdf61-6298-4c0f-a9ca-9cabc82afaf3;2024-01-15T08:11:00Z;6931;6932.5;6933;6930;750;
02cfdf61-6298-4c0f-a9ca-9cabc82afaf3;2024-01-15T08:12:00Z;6932.5;6925;6932.5;6925;3336;
02cfdf61-6298-4c0f-a9ca-9cabc82afaf3;2024-01-15T08:13:00Z;6925;6925.5;6927.5;6925;1368;
02cfdf61-6298-4c0f-a9ca-9cabc82afaf3;2024-01-15T08:14:00Z;6925.5;6927.5;6930;6922;3923;
02cfdf61-6298-4c0f-a9ca-9cabc82afaf3;2024-01-15T08:15:00Z;6927;6914.5;6927;6911;10486;
02cfdf61-6298-4c0f-a9ca-9cabc82afaf3;2024-01-15T08:16:00Z;6915;6919.5;6920;6914.5;4085;
02cfdf61-6298-4c0f-a9ca-9cabc82afaf3;2024-01-15T08:17:00Z;6920;6920;6920;6919.5;805;
02cfdf61-6298-4c0f-a9ca-9cabc82afaf3;2024-01-15T08:18:00Z;6919.5;6919.5;6920;6917;1378;
02cfdf61-6298-4c0f-a9ca-9cabc82afaf3;2024-01-15T08:19:00Z;6920;6922;6922;6919;1544;
02cfdf61-6298-4c0f-a9ca-9cabc82afaf3;2024-01-15T08:20:00Z;6922;6924;6929;6921.5;1236;
02cfdf61-6298-4c0f-a9ca-9cabc82afaf3;2024-01-15T08:21:00Z;6924;6925;6927.5;6924;823;
02cfdf61-6298-4c0f-a9ca-9cabc82afaf3;2024-01-15T08:22:00Z;6925;6925;6928;6924;723;
02cfdf61-6298-4c0f-a9ca-9cabc82afaf3;2024-01-15T08:23:00Z;6924.5;6924;6927;6922.5;1164;
02cfdf61-6298-4c0f-a9ca-9cabc82afaf3;2024-01-15T08:24:00Z;6922.5;6922;6927.5;6920;1641;
02cfdf61-6298-4c0f-a9ca-9cabc82afaf3;2024-01-15T08:25:00Z;6920.5;6926;6926.5;6920.5;178;
02cfdf61-6298-4c0f-a9ca-9cabc82afaf3;2024-01-15T08:26:00Z;6927.5;6927.5;6928.5;6925.5;300;
02cfdf61-6298-4c0f-a9ca-9cabc82afaf3;2024-01-15T08:27:00Z;6927;6927.5;6928;6927;442;
02cfdf61-6298-4c0f-a9ca-9cabc82afaf3;2024-01-15T08:28:00Z;6928;6927.5;6928.5;6926;379;
02cfdf61-6298-4c0f-a9ca-9cabc82afaf3;2024-01-15T08:29:00Z;6927.5;6929;6929.5;6927;204;
02cfdf61-6298-4c0f-a9ca-9cabc82afaf3;2024-01-15T08:30:00Z;6929.5;6931.5;6931.5;6928;1517;
02cfdf61-6298-4c0f-a9ca-9cabc82afaf3;2024-01-15T08:31:00Z;6931.5;6933.5;6934.5;6930;832;
02cfdf61-6298-4c0f-a9ca-9cabc82afaf3;2024-01-15T08:32:00Z;6933;6939;6939;6933;1551;
02cfdf61-6298-4c0f-a9ca-9cabc82afaf3;2024-01-15T08:33:00Z;6938.5;6938.5;6939.5;6938;348;
02cfdf61-6298-4c0f-a9ca-9cabc82afaf3;2024-01-15T08:34:00Z;6939.5;6936.5;6939.5;6936.5;408;
02cfdf61-6298-4c0f-a9ca-9cabc82afaf3;2024-01-15T08:35:00Z;6936.5;6936.5;6938.5;6933;800;
02cfdf61-6298-4c0f-a9ca-9cabc82afaf3;2024-01-15T08:36:00Z;6937;6935.5;6938.5;6935.5;55;
02cfdf61-6298-4c0f-a9ca-9cabc82afaf3;2024-01-15T08:37:00Z;6935.5;6933.5;6936;6933;359;
02cfdf61-6298-4c0f-a9ca-9cabc82afaf3;2024-01-15T08:38:00Z;6934;6933;6934;6933;84;
02cfdf61-6298-4c0f-a9ca-9cabc82afaf3;2024-01-15T08:39:00Z;6934;6935;6935;6933;61;
02cfdf61-6298-4c0f-a9ca-9cabc82afaf3;2024-01-15T08:40:00Z;6935;6935;6935;6933.5;80;
02cfdf61-6298-4c0f-a9ca-9cabc82afaf3;2024-01-15T08:41:00Z;6935;6933.5;6935.5;6930.5;793;
02cfdf61-6298-4c0f-a9ca-9cabc82afaf3;2024-01-15T08:42:00Z;6933;6935;6935;6932.5;189;
02cfdf61-6298-4c0f-a9ca-9cabc82afaf3;2024-01-15T08:43:00Z;6935;6932;6935.5;6932;77;
02cfdf61-6298-4c0f-a9ca-9cabc82afaf3;2024-01-15T08:44:00Z;6932;6931.5;6934.5;6929.5;887;
02cfdf61-6298-4c0f-a9ca-9cabc82afaf3;2024-01-15T08:45:00Z;6932;6932.5;6934;6931.5;104;
02cfdf61-6298-4c0f-a9ca-9cabc82afaf3;2024-01-15T08:46:00Z;6933;6933.5;6934;6933;121;
02cfdf61-6298-4c0f-a9ca-9cabc82afaf3;2024-01-15T08:47:00Z;6933;6934.5;6935;6933;105;
02cfdf61-6298-4c0f-a9ca-9cabc82afaf3;2024-01-15T08:48:00Z;6935;6935.5;6935.5;6934.5;104;
02cfdf61-6298-4c0f-a9ca-9cabc82afaf3;2024-01-15T08:49:00Z;6935;6937.5;6937.5;6935;220;
02cfdf61-6298-4c0f-a9ca-9cabc82afaf3;2024-01-15T08:50:00Z;6937.5;6939;6939.5;6937;325;
02cfdf61-6298-4c0f-a9ca-9cabc82afaf3;2024-01-15T08:51:00Z;6940;6940;6940.5;6939;539;
02cfdf61-6298-4c0f-a9ca-9cabc82afaf3;2024-01-15T08:52:00Z;6940;6942.5;6942.5;6939;720;
02cfdf61-6298-4c0f-a9ca-9cabc82afaf3;2024-01-15T08:53:00Z;6942.5;6943;6943;6942;561;
02cfdf61-6298-4c0f-a9ca-9cabc82afaf3;2024-01-15T08:54:00Z;6943;6942;6943;6942;83;
02cfdf61-6298-4c0f-a9ca-9cabc82afaf3;2024-01-15T08:55:00Z;6942.5;6940;6942.5;6940;568;
02cfdf61-6298-4c0f-a9ca-9cabc82afaf3;2024-01-15T08:56:00Z;6941.5;6941;6942.5;6940.5;444;
02cfdf61-6298-4c0f-a9ca-9cabc82afaf3;2024-01-15T08:57:00Z;6941;6940;6941.5;6940;122;
02cfdf61-6298-4c0f-a9ca-9cabc82afaf3;2024-01-15T08:58:00Z;6941;6940.5;6942;6940;204;
02cfdf61-6298-4c0f-a9ca-9cabc82afaf3;2024-01-15T08:59:00Z;6940.5;6941;6941.5;6940.5;127;
02cfdf61-6298-4c0f-a9ca-9cabc82afaf3;2024-01-15T09:00:00Z;6941;6940;6941;6940;213;
02cfdf61-6298-4c0f-a9ca-9cabc82afaf3;2024-01-15T09:01:00Z;6941;6939.5;6941;6939;315;
02cfdf61-6298-4c0f-a9ca-9cabc82afaf3;2024-01-15T09:02:00Z;6939.5;6934;6940;6934;789;
02cfdf61-6298-4c0f-a9ca-9cabc82afaf3;2024-01-15T09:03:00Z;6934;6934;6935;6931;358;
02cfdf61-6298-4c0f-a9ca-9cabc82afaf3;2024-01-15T09:04:00Z;6933;6934;6934;6932.5;135;
02cfdf61-6298-4c0f-a9ca-9cabc82afaf3;2024-01-15T09:05:00Z;6934;6934;6934;6933;109;
02cfdf61-6298-4c0f-a9ca-9cabc82afaf3;2024-01-15T09:06:00Z;6934;6937.5;6939;6933.5;527;
02cfdf61-6298-4c0f-a9ca-9cabc82afaf3;2024-01-15T09:07:00Z;6938.5;6937;6939;6936.5;171;
02cfdf61-6298-4c0f-a9ca-9cabc82afaf3;2024-01-15T09:08:00Z;6937;6938;6939;6936.5;425;
02cfdf61-6298-4c0f-a9ca-9cabc82afaf3;2024-01-15T09:09:00Z;6938.5;6939;6939;6938;482;
02cfdf61-6298-4c0f-a9ca-9cabc82afaf3;2024-01-15T09:10:00Z;6939;6939;6939;6937.5;595;
02cfdf61-6298-4c0f-a9ca-9cabc82afaf3;2024-01-15T09:11:00Z;6938;6939;6939;6937.5;284;
02cfdf61-6298-4c0f-a9ca-9cabc82afaf3;2024-01-15T09:12:00Z;6939;6939;6939;6938.5;303;
02cfdf61-6298-4c0f-a9ca-9cabc82afaf3;2024-01-15T09:13:00Z;6939;6939;6939.5;6938.5;464;
02cfdf61-6298-4c0f-a9ca-9cabc82afaf3;2024-01-15T09:14:00Z;6939.5;6939;6939.5;6939;187;
02cfdf61-6298-4c0f-a9ca-9cabc82afaf3;2024-01-15T09:15:00Z;6939.5;6935;6939.5;6935;1070;
02cfdf61-6298-4c0f-a9ca-9cabc82afaf3;2024-01-15T09:16:00Z;6935;6935;6936;6935;93;
02cfdf61-6298-4c0f-a9ca-9cabc82afaf3;2024-01-15T09:17:00Z;6936;6933.5;6936;6933.5;369;
02cfdf61-6298-4c0f-a9ca-9cabc82afaf3;2024-01-15T09:18:00Z;6934;6932.5;6934;6931;253;
02cfdf61-6298-4c0f-a9ca-9cabc82afaf3;2024-01-15T09:19:00Z;6932.5;6932.5;6933;6931.5;214;
02cfdf61-6298-4c0f-a9ca-9cabc82afaf3;2024-01-15T09:20:00Z;6932.5;6932.5;6933;6930;665;
02cfdf61-6298-4c0f-a9ca-9cabc82afaf3;2024-01-15T09:21:00Z;6932.5;6932.5;6932.5;6931.5;866;
02cfdf61-6298-4c0f-a9ca-9cabc82afaf3;2024-01-15T09:22:00Z;6932.5;6933;6933;6932.5;1440;
02cfdf61-6298-4c0f-a9ca-9cabc82afaf3;2024-01-15T09:23:00Z;6933;6933;6933;6932;690;
02cfdf61-6298-4c0f-a9ca-9cabc82afaf3;2024-01-15T09:24:00Z;6933;6932.5;6933;6932;553;
02cfdf61-6298-4c0f-a9ca-9cabc82afaf3;2024-01-15T09:25:00Z;6932;6932.5;6932.5;6932;294;
02cfdf61-6298-4c0f-a9ca-9cabc82afaf3;2024-01-15T09:26:00Z;6932.5;6933;6933;6932;850;
02cfdf61-6298-4c0f-a9ca-9cabc82afaf3;2024-01-15T09:27:00Z;6933;6932;6933;6930;904;
02cfdf61-6298-4c0f-a9ca-9cabc82afaf3;2024-01-15T09:28:00Z;6932;6932.5;6932.5;6931;313;
02cfdf61-6298-4c0f-a9ca-9cabc82afaf3;2024-01-15T09:29:00Z;6932.5;6931.5;6932.5;6930.5;408;
02cfdf61-6298-4c0f-a9ca-9cabc82afaf3;2024-01-15T09:30:00Z;6931.5;6930.5;6931.5;6929.5;634;
02cfdf61-6298-4c0f-a9ca-9cabc82afaf3;2024-01-15T09:31:00Z;6930.5;6930;6930.5;6929.5;322;
02cfdf61-6298-4c0f-a9ca-9cabc82afaf3;2024-01-15T09:32:00Z;6930;6930;6930;6928.5;1099;
02cfdf61-6298-4c0f-a9ca-9cabc82afaf3;2024-01-15T09:33:00Z;6930;6932;6932;6930;982;
02cfdf61-6298-4c0f-a9ca-9cabc82afaf3;2024-01-15T09:34:00Z;6932;6931.5;6932;6931;720;
02cfdf61-6298-4c0f-a9ca-9cabc82afaf3;2024-01-15T09:35:00Z;6932;6933;6933;6931.5;668;
02cfdf61-6298-4c0f-a9ca-9cabc82afaf3;2024-01-15T09:36:00Z;6932.5;6932.5;6933;6932.5;406;
02cfdf61-6298-4c0f-a9ca-9cabc82afaf3;2024-01-15T09:37:00Z;6933;6933;6933;6932.5;584;
02cfdf61-6298-4c0f-a9ca-9cabc82afaf3;2024-01-15T09:38:00Z;6932.5;6933;6933;6932.5;189;
02cfdf61-6298-4c0f-a9ca-9cabc82afaf3;2024-01-15T09:39:00Z;6933;6933;6933;6932.5;128;
02cfdf61-6298-4c0f-a9ca-9cabc82afaf3;2024-01-15T09:40:00Z;6932.5;6933;6933;6932.5;1350;
02cfdf61-6298-4c0f-a9ca-9cabc82afaf3;2024-01-15T09:41:00Z;6933;6930;6933;6930;3309;
02cfdf61-6298-4c0f-a9ca-9cabc82afaf3;2024-01-15T09:42:00Z;6931;6927;6931;6922;11281;
02cfdf61-6298-4c0f-a9ca-9cabc82afaf3;2024-01-15T09:43:00Z;6926.5;6927;6927;6925.5;736;
02cfdf61-6298-4c0f-a9ca-9cabc82afaf3;2024-01-15T09:44:00Z;6927;6926.5;6927;6926;95;
02cfdf61-6298-4c0f-a9ca-9cabc82afaf3;2024-01-15T09:45:00Z;6926;6927;6927.5;6925.5;696;
02cfdf61-6298-4c0f-a9ca-9cabc82afaf3;2024-01-15T09:46:00Z;6927.5;6927;6929;6927;181;
02cfdf61-6298-4c0f-a9ca-9cabc82afaf3;2024-01-15T09:47:00Z;6929.5;6929;6929.5;6928.5;118;
02cfdf61-6298-4c0f-a9ca-9cabc82afaf3;2024-01-15T09:48:00Z;6929;6928.5;6929;6926.5;528;
02cfdf61-6298-4c0f-a9ca-9cabc82afaf3;2024-01-15T09:49:00Z;6928.5;6927;6929.5;6927;236;
02cfdf61-6298-4c0f-a9ca-9cabc82afaf3;2024-01-15T09:50:00Z;6927;6925.5;6928;6924.5;1220;
02cfdf61-6298-4c0f-a9ca-9cabc82afaf3;2024-01-15T09:51:00Z;6926;6927;6927;6925.5;313;
02cfdf61-6298-4c0f-a9ca-9cabc82afaf3;2024-01-15T09:52:00Z;6926;6922.5;6926.5;6922.5;1726;
02cfdf61-6298-4c0f-a9ca-9cabc82afaf3;2024-01-15T09:53:00Z;6924;6923;6924.5;6922.5;406;
02cfdf61-6298-4c0f-a9ca-9cabc82afaf3;2024-01-15T09:54:00Z;6924;6922.5;6924.5;6922;2370;
02cfdf61-6298-4c0f-a9ca-9cabc82afaf3;2024-01-15T09:55:00Z;6922.5;6924;6924.5;6922;441;
02cfdf61-6298-4c0f-a9ca-9cabc82afaf3;2024-01-15T09:56:00Z;6924;6926.5;6929;6924;628;
02cfdf61-6298-4c0f-a9ca-9cabc82afaf3;2024-01-15T09:57:00Z;6927;6925;6928;6925;633;
02cfdf61-6298-4c0f-a9ca-9cabc82afaf3;2024-01-15T09:58:00Z;6925.5;6926.5;6926.5;6925;376;
02cfdf61-6298-4c0f-a9ca-9cabc82afaf3;2024-01-15T09:59:00Z;6926.5;6926;6926.5;6925;205;
02cfdf61-6298-4c0f-a9ca-9cabc82afaf3;2024-01-15T10:00:00Z;6926.5;6928;6929.5;6925;1770;
02cfdf61-6298-4c0f-a9ca-9cabc82afaf3;2024-01-15T10:01:00Z;6929.5;6933;6933;6928;1137;
02cfdf61-6298-4c0f-a9ca-9cabc82afaf3;2024-01-15T10:02:00Z;6933;6933;6933;6932.5;201;
02cfdf61-6298-4c0f-a9ca-9cabc82afaf3;2024-01-15T10:03:00Z;6933;6933;6933;6932.5;254;
02cfdf61-6298-4c0f-a9ca-9cabc82afaf3;2024-01-15T10:04:00Z;6933;6933;6933;6932.5;365;
02cfdf61-6298-4c0f-a9ca-9cabc82afaf3;2024-01-15T10:05:00Z;6933;6932.5;6933;6932.5;99;
02cfdf61-6298-4c0f-a9ca-9cabc82afaf3;2024-01-15T10:06:00Z;6933;6929.5;6933;6929.5;1207;
02cfdf61-6298-4c0f-a9ca-9cabc82afaf3;2024-01-15T10:07:00Z;6929.5;6928;6929.5;6927.5;111;
02cfdf61-6298-4c0f-a9ca-9cabc82afaf3;2024-01-15T10:08:00Z;6928.5;6927;6929.5;6926;404;
02cfdf61-6298-4c0f-a9ca-9cabc82afaf3;2024-01-15T10:09:00Z;6929;6930;6931.5;6929;65;
02cfdf61-6298-4c0f-a9ca-9cabc82afaf3;2024-01-15T10:10:00Z;6929;6929;6929.5;6925.5;753;
02cfdf61-6298-4c0f-a9ca-9cabc82afaf3;2024-01-15T10:11:00Z;6929;6928.5;6930.5;6926;499;
02cfdf61-6298-4c0f-a9ca-9cabc82afaf3;2024-01-15T10:12:00Z;6928.5;6926.5;6928.5;6925;445;
02cfdf61-6298-4c0f-a9ca-9cabc82afaf3;2024-01-15T10:13:00Z;6927.5;6925;6928.5;6925;240;
02cfdf61-6298-4c0f-a9ca-9cabc82afaf3;2024-01-15T10:14:00Z;6925;6925.5;6926;6925;846;
02cfdf61-6298-4c0f-a9ca-9cabc82afaf3;2024-01-15T10:15:00Z;6925.5;6925.5;6925.5;6925;106;
02cfdf61-6298-4c0f-a9ca-9cabc82afaf3;2024-01-15T10:16:00Z;6925;6925;6925.5;6925;198;
02cfdf61-6298-4c0f-a9ca-9cabc82afaf3;2024-01-15T10:17:00Z;6925.5;6926;6926;6925;271;
02cfdf61-6298-4c0f-a9ca-9cabc82afaf3;2024-01-15T10:18:00Z;6926;6925.5;6926.5;6925.5;93;
02cfdf61-6298-4c0f-a9ca-9cabc82afaf3;2024-01-15T10:19:00Z;6926.5;6925.5;6927;6925;338;
02cfdf61-6298-4c0f-a9ca-9cabc82afaf3;2024-01-15T10:20:00Z;6925.5;6923;6925.5;6922.5;409;
02cfdf61-6298-4c0f-a9ca-9cabc82afaf3;2024-01-15T10:21:00Z;6922.5;6925;6925.5;6922.5;833;
02cfdf61-6298-4c0f-a9ca-9cabc82afaf3;2024-01-15T10:22:00Z;6925.5;6922.5;6926;6922;374;
02cfdf61-6298-4c0f-a9ca-9cabc82afaf3;2024-01-15T10:23:00Z;6923;6925.5;6925.5;6922;779;
02cfdf61-6298-4c0f-a9ca-9cabc82afaf3;2024-01-15T10:24:00Z;6925.5;6924.5;6925.5;6923.5;129;
02cfdf61-6298-4c0f-a9ca-9cabc82afaf3;2024-01-15T10:25:00Z;6924;6924;6924.5;6924;146;
02cfdf61-6298-4c0f-a9ca-9cabc82afaf3;2024-01-15T10:26:00Z;6924;6925;6925;6923.5;206;
02cfdf61-6298-4c0f-a9ca-9cabc82afaf3;2024-01-15T10:27:00Z;6925;6924;6925;6924;117;
02cfdf61-6298-4c0f-a9ca-9cabc82afaf3;2024-01-15T10:28:00Z;6925;6924;6925;6923.5;711;
02cfdf61-6298-4c0f-a9ca-9cabc82afaf3;2024-01-15T10:29:00Z;6923.5;6922.5;6924.5;6922;794;
02cfdf61-6298-4c0f-a9ca-9cabc82afaf3;2024-01-15T10:30:00Z;6922;6922.5;6922.5;6922;67;
02cfdf61-6298-4c0f-a9ca-9cabc82afaf3;2024-01-15T10:31:00Z;6923.5;6922;6923.5;6922;1080;
02cfdf61-6298-4c0f-a9ca-9cabc82afaf3;2024-01-15T10:32:00Z;6922.5;6920;6922.5;6920;1576;
02cfdf61-6298-4c0f-a9ca-9cabc82afaf3;2024-01-15T10:33:00Z;6920;6917.5;6920.5;6917.5;3749;
02cfdf61-6298-4c0f-a9ca-9cabc82afaf3;2024-01-15T10:34:00Z;6917.5;6912;6917.5;6912;3207;
02cfdf61-6298-4c0f-a9ca-9cabc82afaf3;2024-01-15T10:35:00Z;6912.5;6905.5;6912.5;6901.5;9096;
02cfdf61-6298-4c0f-a9ca-9cabc82afaf3;2024-01-15T10:36:00Z;6905.5;6910.5;6910.5;6904.5;1117;
02cfdf61-6298-4c0f-a9ca-9cabc82afaf3;2024-01-15T10:37:00Z;6910;6910;6911;6909;992;
02cfdf61-6298-4c0f-a9ca-9cabc82afaf3;2024-01-15T10:38:00Z;6910;6908.5;6910;6908;1072;
02cfdf61-6298-4c0f-a9ca-9cabc82afaf3;2024-01-15T10:39:00Z;6908.5;6892;6908.5;6888.5;13042;
02cfdf61-6298-4c0f-a9ca-9cabc82afaf3;2024-01-15T10:40:00Z;6890.5;6898;6898.5;6890;2277;
02cfdf61-6298-4c0f-a9ca-9cabc82afaf3;2024-01-15T10:41:00Z;6896.5;6902.5;6902.5;6896.5;1399;
02cfdf61-6298-4c0f-a9ca-9cabc82afaf3;2024-01-15T10:42:00Z;6901.5;6902;6902.5;6899;1181;
02cfdf61-6298-4c0f-a9ca-9cabc82afaf3;2024-01-15T10:43:00Z;6902;6900;6902;6899;1003;
02cfdf61-6298-4c0f-a9ca-9cabc82afaf3;2024-01-15T10:44:00Z;6900;6902.5;6903;6899;1464;
02cfdf61-6298-4c0f-a9ca-9cabc82afaf3;2024-01-15T10:45:00Z;6900.5;6900;6903;6900;906;
02cfdf61-6298-4c0f-a9ca-9cabc82afaf3;2024-01-15T10:46:00Z;6901.5;6904;6904;6900.5;370;
02cfdf61-6298-4c0f-a9ca-9cabc82afaf3;2024-01-15T10:47:00Z;6904.5;6907;6907.5;6904;1566;
02cfdf61-6298-4c0f-a9ca-9cabc82afaf3;2024-01-15T10:48:00Z;6906.5;6909.5;6909.5;6906.5;510;
02cfdf61-6298-4c0f-a9ca-9cabc82afaf3;2024-01-15T10:49:00Z;6909.5;6913.5;6914;6909;1238;
02cfdf61-6298-4c0f-a9ca-9cabc82afaf3;2024-01-15T10:50:00Z;6913;6909.5;6913;6908;626;
02cfdf61-6298-4c0f-a9ca-9cabc82afaf3;2024-01-15T10:51:00Z;6909.5;6907.5;6910.5;6906.5;554;
02cfdf61-6298-4c0f-a9ca-9cabc82afaf3;2024-01-15T10:52:00Z;6907.5;6906.5;6908;6906.5;333;
02cfdf61-6298-4c0f-a9ca-9cabc82afaf3;2024-01-15T10:53:00Z;6906;6906;6907;6905.5;389;
02cfdf61-6298-4c0f-a9ca-9cabc82afaf3;2024-01-15T10:54:00Z;6906;6902.5;6906;6901.5;1183;
02cfdf61-6298-4c0f-a9ca-9cabc82afaf3;2024-01-15T10:55:00Z;6902.5;6902;6902.5;6901.5;291;
02cfdf61-6298-4c0f-a9ca-9cabc82afaf3;2024-01-15T10:56:00Z;6901.5;6901;6901.5;6900;938;
02cfdf61-6298-4c0f-a9ca-9cabc82afaf3;2024-01-15T10:57:00Z;6901;6899;6902;6899;1446;
02cfdf61-6298-4c0f-a9ca-9cabc82afaf3;2024-01-15T10:58:00Z;6899;6899.5;6901.5;6897.5;892;
02cfdf61-6298-4c0f-a9ca-9cabc82afaf3;2024-01-15T10:59:00Z;6898.5;6898.5;6900;6897;1171;
02cfdf61-6298-4c0f-a9ca-9cabc82afaf3;2024-01-15T11:00:00Z;6897;6898;6899;6895.5;592;
02cfdf61-6298-4c0f-a9ca-9cabc82afaf3;2024-01-15T11:01:00Z;6896;6898.5;6899;6896;133;
02cfdf61-6298-4c0f-a9ca-9cabc82afaf3;2024-01-15T11:02:00Z;6898.5;6900;6900;6898.5;440;
02cfdf61-6298-4c0f-a9ca-9cabc82afaf3;2024-01-15T11:03:00Z;6900;6902;6903;6900;555;
02cfdf61-6298-4c0f-a9ca-9cabc82afaf3;2024-01-15T11:04:00Z;6903;6904;6904;6902;917;
02cfdf61-6298-4c0f-a9ca-9cabc82afaf3;2024-01-15T11:05:00Z;6903.5;6903.5;6903.5;6903;226;
02cfdf61-6298-4c0f-a9ca-9cabc82afaf3;2024-01-15T11:06:00Z;6903.5;6902.5;6904;6902;377;
02cfdf61-6298-4c0f-a9ca-9cabc82afaf3;2024-01-15T11:07:00Z;6902.5;6904;6904;6902.5;435;
02cfdf61-6298-4c0f-a9ca-9cabc82afaf3;2024-01-15T11:08:00Z;6904;6904;6904;6903.5;957;
02cfdf61-6298-4c0f-a9ca-9cabc82afaf3;2024-01-15T11:09:00Z;6904;6907;6907;6903.5;894;
02cfdf61-6298-4c0f-a9ca-9cabc82afaf3;2024-01-15T11:10:00Z;6907;6905.5;6907;6905;192;
02cfdf61-6298-4c0f-a9ca-9cabc82afaf3;2024-01-15T11:11:00Z;6905.5;6904.5;6907;6904;303;
02cfdf61-6298-4c0f-a9ca-9cabc82afaf3;2024-01-15T11:12:00Z;6904.5;6899.5;6905;6898.5;1164;
02cfdf61-6298-4c0f-a9ca-9cabc82afaf3;2024-01-15T11:13:00Z;6899;6899.5;6900;6898.5;421;
02cfdf61-6298-4c0f-a9ca-9cabc82afaf3;2024-01-15T11:14:00Z;6899.5;6897;6900;6895.5;704;
02cfdf61-6298-4c0f-a9ca-9cabc82afaf3;2024-01-15T11:15:00Z;6896.5;6896.5;6899.5;6895;1070;
02cfdf61-6298-4c0f-a9ca-9cabc82afaf3;2024-01-15T11:16:00Z;6896.5;6895;6897;6895;876;
02cfdf61-6298-4c0f-a9ca-9cabc82afaf3;2024-01-15T11:17:00Z;6895.5;6895;6896;6895;750;
02cfdf61-6298-4c0f-a9ca-9cabc82afaf3;2024-01-15T11:18:00Z;6895;6895.5;6896;6895;1197;
02cfdf61-6298-4c0f-a9ca-9cabc82afaf3;2024-01-15T11:19:00Z;6895.5;6904.5;6904.5;6895.5;1756;
02cfdf61-6298-4c0f-a9ca-9cabc82afaf3;2024-01-15T11:20:00Z;6904.5;6904.5;6905;6903;332;
02cfdf61-6298-4c0f-a9ca-9cabc82afaf3;2024-01-15T11:21:00Z;6904.5;6904;6905;6904;305;
02cfdf61-6298-4c0f-a9ca-9cabc82afaf3;2024-01-15T11:22:00Z;6904.5;6907.5;6908.5;6904.5;1416;
02cfdf61-6298-4c0f-a9ca-9cabc82afaf3;2024-01-15T11:23:00Z;6907.5;6907;6907.5;6906;108;
02cfdf61-6298-4c0f-a9ca-9cabc82afaf3;2024-01-15T11:24:00Z;6906.5;6908;6908;6906;237;
02cfdf61-6298-4c0f-a9ca-9cabc82afaf3;2024-01-15T11:25:00Z;6907.5;6908;6908.5;6907;265;
02cfdf61-6298-4c0f-a9ca-9cabc82afaf3;2024-01-15T11:26:00Z;6908;6907.5;6908;6907;194;
02cfdf61-6298-4c0f-a9ca-9cabc82afaf3;2024-01-15T11:27:00Z;6907;6907.5;6908;6907;264;
02cfdf61-6298-4c0f-a9ca-9cabc82afaf3;2024-01-15T11:28:00Z;6907.5;6907;6907.5;6907;55;
02cfdf61-6298-4c0f-a9ca-9cabc82afaf3;2024-01-15T11:29:00Z;6907.5;6907;6908;6905.5;1267;
02cfdf61-6298-4c0f-a9ca-9cabc82afaf3;2024-01-15T11:30:00Z;6907;6907;6907;6906.5;228;
02cfdf61-6298-4c0f-a9ca-9cabc82afaf3;2024-01-15T11:31:00Z;6907;6908;6908;6906;443;
02cfdf61-6298-4c0f-a9ca-9cabc82afaf3;2024-01-15T11:32:00Z;6908;6907.5;6908;6907;431;
02cfdf61-6298-4c0f-a9ca-9cabc82afaf3;2024-01-15T11:33:00Z;6907.5;6908.5;6909;6907;304;
02cfdf61-6298-4c0f-a9ca-9cabc82afaf3;2024-01-15T11:34:00Z;6908.5;6909;6909;6907.5;418;
02cfdf61-6298-4c0f-a9ca-9cabc82afaf3;2024-01-15T11:35:00Z;6909;6912.5;6912.5;6908.5;993;
02cfdf61-6298-4c0f-a9ca-9cabc82afaf3;2024-01-15T11:36:00Z;6912.5;6912;6912.5;6910.5;235;
02cfdf61-6298-4c0f-a9ca-9cabc82afaf3;2024-01-15T11:37:00Z;6912;6916;6916;6910.5;1122;
02cfdf61-6298-4c0f-a9ca-9cabc82afaf3;2024-01-15T11:38:00Z;6915.5;6916.5;6919.5;6915;1553;
02cfdf61-6298-4c0f-a9ca-9cabc82afaf3;2024-01-15T11:39:00Z;6916.5;6910;6916.5;6909.5;3105;
02cfdf61-6298-4c0f-a9ca-9cabc82afaf3;2024-01-15T11:40:00Z;6910;6914;6914;6909.5;4899;
02cfdf61-6298-4c0f-a9ca-9cabc82afaf3;2024-01-15T11:41:00Z;6914;6912;6919;6912;1566;
02cfdf61-6298-4c0f-a9ca-9cabc82afaf3;2024-01-15T11:42:00Z;6913;6915;6915;6911.5;186;
02cfdf61-6298-4c0f-a9ca-9cabc82afaf3;2024-01-15T11:43:00Z;6914.5;6913.5;6915;6913.5;296;
02cfdf61-6298-4c0f-a9ca-9cabc82afaf3;2024-01-15T11:44:00Z;6913.5;6912;6914;6912;184;
02cfdf61-6298-4c0f-a9ca-9cabc82afaf3;2024-01-15T11:45:00Z;6913.5;6912;6914;6911.5;293;
02cfdf61-6298-4c0f-a9ca-9cabc82afaf3;2024-01-15T11:46:00Z;6912;6911.5;6912.5;6911.5;174;
02cfdf61-6298-4c0f-a9ca-9cabc82afaf3;2024-01-15T11:47:00Z;6911.5;6913.5;6914;6911.5;369;
02cfdf61-6298-4c0f-a9ca-9cabc82afaf3;2024-01-15T11:48:00Z;6913;6912.5;6913.5;6911.5;199;
02cfdf61-6298-4c0f-a9ca-9cabc82afaf3;2024-01-15T11:49:00Z;6912.5;6913.5;6913.5;6912;225;
02cfdf61-6298-4c0f-a9ca-9cabc82afaf3;2024-01-15T11:50:00Z;6914;6915;6916.5;6912;695;
02cfdf61-6298-4c0f-a9ca-9cabc82afaf3;2024-01-15T11:51:00Z;6914.5;6913;6914.5;6912.5;179;
02cfdf61-6298-4c0f-a9ca-9cabc82afaf3;2024-01-15T11:52:00Z;6913.5;6912;6913.5;6912;141;
02cfdf61-6298-4c0f-a9ca-9cabc82afaf3;2024-01-15T11:53:00Z;6912;6911.5;6913;6911.5;219;
02cfdf61-6298-4c0f-a9ca-9cabc82afaf3;2024-01-15T11:54:00Z;6911.5;6912;6912.5;6911;295;
02cfdf61-6298-4c0f-a9ca-9cabc82afaf3;2024-01-15T11:55:00Z;6911.5;6912;6912;6911;357;
02cfdf61-6298-4c0f-a9ca-9cabc82afaf3;2024-01-15T11:56:00Z;6912;6911;6912;6910;1667;
02cfdf61-6298-4c0f-a9ca-9cabc82afaf3;2024-01-15T11:57:00Z;6911;6910.5;6911;6910;348;
02cfdf61-6298-4c0f-a9ca-9cabc82afaf3;2024-01-15T11:58:00Z;6910;6909.5;6910.5;6909;1245;
02cfdf61-6298-4c0f-a9ca-9cabc82afaf3;2024-01-15T11:59:00Z;6909;6910.5;6910.5;6909;487;
02cfdf61-6298-4c0f-a9ca-9cabc82afaf3;2024-01-15T12:00:00Z;6910.5;6911;6911;6909.5;329;
02cfdf61-6298-4c0f-a9ca-9cabc82afaf3;2024-01-15T12:01:00Z;6910.5;6910.5;6911;6910;60;
02cfdf61-6298-4c0f-a9ca-9cabc82afaf3;2024-01-15T12:02:00Z;6910.5;6910.5;6910.5;6910;129;
02cfdf61-6298-4c0f-a9ca-9cabc82afaf3;2024-01-15T12:03:00Z;6910;6908.5;6910;6908;5020;
02cfdf61-6298-4c0f-a9ca-9cabc82afaf3;2024-01-15T12:04:00Z;6908;6915;6920;6908;6233;
02cfdf61-6298-4c0f-a9ca-9cabc82afaf3;2024-01-15T12:05:00Z;6914.5;6914;6915.5;6912.5;250;
02cfdf61-6298-4c0f-a9ca-9cabc82afaf3;2024-01-15T12:06:00Z;6913.5;6916.5;6917;6912;325;
02cfdf61-6298-4c0f-a9ca-9cabc82afaf3;2024-01-15T12:07:00Z;6916.5;6916;6916.5;6915;161;
02cfdf61-6298-4c0f-a9ca-9cabc82afaf3;2024-01-15T12:08:00Z;6915;6916.5;6916.5;6914.5;238;
02cfdf61-6298-4c0f-a9ca-9cabc82afaf3;2024-01-15T12:09:00Z;6916;6919.5;6919.5;6915;375;
02cfdf61-6298-4c0f-a9ca-9cabc82afaf3;2024-01-15T12:10:00Z;6919.5;6919.5;6919.5;6918.5;230;
02cfdf61-6298-4c0f-a9ca-9cabc82afaf3;2024-01-15T12:11:00Z;6919;6919;6919.5;6918;195;
02cfdf61-6298-4c0f-a9ca-9cabc82afaf3;2024-01-15T12:12:00Z;6919;6918;6919.5;6918;347;
02cfdf61-6298-4c0f-a9ca-9cabc82afaf3;2024-01-15T12:13:00Z;6918;6918;6919.5;6918;397;
02cfdf61-6298-4c0f-a9ca-9cabc82afaf3;2024-01-15T12:14:00Z;6918.5;6918.5;6919;6918;369;
02cfdf61-6298-4c0f-a9ca-9cabc82afaf3;2024-01-15T12:15:00Z;6919;6915.5;6919;6915;549;
02cfdf61-6298-4c0f-a9ca-9cabc82afaf3;2024-01-15T12:16:00Z;6915.5;6915.5;6916;6915;207;
02cfdf61-6298-4c0f-a9ca-9cabc82afaf3;2024-01-15T12:17:00Z;6915.5;6914.5;6917;6913.5;204;
02cfdf61-6298-4c0f-a9ca-9cabc82afaf3;2024-01-15T12:18:00Z;6917.5;6917;6918.5;6916.5;260;
02cfdf61-6298-4c0f-a9ca-9cabc82afaf3;2024-01-15T12:19:00Z;6917;6917;6917.5;6915;216;
02cfdf61-6298-4c0f-a9ca-9cabc82afaf3;2024-01-15T12:20:00Z;6917;6913.5;6917;6913;235;
02cfdf61-6298-4c0f-a9ca-9cabc82afaf3;2024-01-15T12:21:00Z;6914;6916.5;6917;6913;181;
02cfdf61-6298-4c0f-a9ca-9cabc82afaf3;2024-01-15T12:22:00Z;6916.5;6915;6917;6915;302;
02cfdf61-6298-4c0f-a9ca-9cabc82afaf3;2024-01-15T12:23:00Z;6916;6915;6917;6914;310;
02cfdf61-6298-4c0f-a9ca-9cabc82afaf3;2024-01-15T12:24:00Z;6915;6914;6916.5;6914;203;
02cfdf61-6298-4c0f-a9ca-9cabc82afaf3;2024-01-15T12:25:00Z;6914.5;6913;6914.5;6912.5;320;
02cfdf61-6298-4c0f-a9ca-9cabc82afaf3;2024-01-15T12:26:00Z;6914;6913;6914;6910;522;
02cfdf61-6298-4c0f-a9ca-9cabc82afaf3;2024-01-15T12:27:00Z;6914;6912.5;6914;6911.5;114;
02cfdf61-6298-4c0f-a9ca-9cabc82afaf3;2024-01-15T12:28:00Z;6912.5;6914;6915;6912;228;
02cfdf61-6298-4c0f-a9ca-9cabc82afaf3;2024-01-15T12:29:00Z;6914;6912;6914;6911;194;
02cfdf61-6298-4c0f-a9ca-9cabc82afaf3;2024-01-15T12:30:00Z;6912;6911;6912.5;6910.5;233;
02cfdf61-6298-4c0f-a9ca-9cabc82afaf3;2024-01-15T12:31:00Z;6911;6910.5;6911.5;6910.5;142;
02cfdf61-6298-4c0f-a9ca-9cabc82afaf3;2024-01-15T12:32:00Z;6910.5;6911;6912.5;6910;275;
02cfdf61-6298-4c0f-a9ca-9cabc82afaf3;2024-01-15T12:33:00Z;6912;6910.5;6912;6908;582;
02cfdf61-6298-4c0f-a9ca-9cabc82afaf3;2024-01-15T12:34:00Z;6910.5;6910.5;6912;6910.5;174;
02cfdf61-6298-4c0f-a9ca-9cabc82afaf3;2024-01-15T12:35:00Z;6910.5;6910.5;6911;6909;170;
02cfdf61-6298-4c0f-a9ca-9cabc82afaf3;2024-01-15T12:36:00Z;6909;6911;6911;6908.5;204;
02cfdf61-6298-4c0f-a9ca-9cabc82afaf3;2024-01-15T12:37:00Z;6911;6910;6911.5;6909.5;139;
02cfdf61-6298-4c0f-a9ca-9cabc82afaf3;2024-01-15T12:38:00Z;6910;6911;6912;6909.5;239;
02cfdf61-6298-4c0f-a9ca-9cabc82afaf3;2024-01-15T12:39:00Z;6911;6909.5;6911;6909;176;
02cfdf61-6298-4c0f-a9ca-9cabc82afaf3;2024-01-15T12:40:00Z;6909;6908;6909;6908;403;
02cfdf61-6298-4c0f-a9ca-9cabc82afaf3;2024-01-15T12:41:00Z;6909;6908;6909;6908;283;
02cfdf61-6298-4c0f-a9ca-9cabc82afaf3;2024-01-15T12:42:00Z;6909;6908.5;6909;6907.5;445;
02cfdf61-6298-4c0f-a9ca-9cabc82afaf3;2024-01-15T12:43:00Z;6908;6907;6908;6906.5;232;
02cfdf61-6298-4c0f-a9ca-9cabc82afaf3;2024-01-15T12:44:00Z;6908;6906;6908;6905;2363;
02cfdf61-6298-4c0f-a9ca-9cabc82afaf3;2024-01-15T12:45:00Z;6905;6905;6906.5;6905;186;
02cfdf61-6298-4c0f-a9ca-9cabc82afaf3;2024-01-15T12:46:00Z;6905;6906.5;6906.5;6905;208;
02cfdf61-6298-4c0f-a9ca-9cabc82afaf3;2024-01-15T12:47:00Z;6906.5;6906.5;6906.5;6905;205;
02cfdf61-6298-4c0f-a9ca-9cabc82afaf3;2024-01-15T12:48:00Z;6906.5;6906;6906.5;6905.5;165;
02cfdf61-6298-4c0f-a9ca-9cabc82afaf3;2024-01-15T12:49:00Z;6906.5;6906.5;6906.5;6905;612;
02cfdf61-6298-4c0f-a9ca-9cabc82afaf3;2024-01-15T12:50:00Z;6906.5;6906;6907;6905;876;
02cfdf61-6298-4c0f-a9ca-9cabc82afaf3;2024-01-15T12:51:00Z;6905;6906.5;6906.5;6905;205;
02cfdf61-6298-4c0f-a9ca-9cabc82afaf3;2024-01-15T12:52:00Z;6906;6906;6908;6905.5;238;
02cfdf61-6298-4c0f-a9ca-9cabc82afaf3;2024-01-15T12:53:00Z;6906;6905;6906;6905;323;
02cfdf61-6298-4c0f-a9ca-9cabc82afaf3;2024-01-15T12:54:00Z;6905.5;6905.5;6909;6905;406;
02cfdf61-6298-4c0f-a9ca-9cabc82afaf3;2024-01-15T12:55:00Z;6905.5;6905.5;6908;6905;1306;
02cfdf61-6298-4c0f-a9ca-9cabc82afaf3;2024-01-15T12:56:00Z;6905.5;6905.5;6906;6904.5;514;
02cfdf61-6298-4c0f-a9ca-9cabc82afaf3;2024-01-15T12:57:00Z;6906;6905.5;6906.5;6905;353;
02cfdf61-6298-4c0f-a9ca-9cabc82afaf3;2024-01-15T12:58:00Z;6906;6905.5;6906.5;6905;263;
02cfdf61-6298-4c0f-a9ca-9cabc82afaf3;2024-01-15T12:59:00Z;6905.5;6908.5;6908.5;6905;298;
02cfdf61-6298-4c0f-a9ca-9cabc82afaf3;2024-01-15T13:00:00Z;6906.5;6909;6910;6906.5;127;
02cfdf61-6298-4c0f-a9ca-9cabc82afaf3;2024-01-15T13:01:00Z;6908.5;6909;6910;6908.5;226;
02cfdf61-6298-4c0f-a9ca-9cabc82afaf3;2024-01-15T13:02:00Z;6909;6908.5;6909.5;6908.5;135;
02cfdf61-6298-4c0f-a9ca-9cabc82afaf3;2024-01-15T13:03:00Z;6908.5;6908;6909;6908;162;
02cfdf61-6298-4c0f-a9ca-9cabc82afaf3;2024-01-15T13:04:00Z;6909;6908.5;6910;6908;416;
02cfdf61-6298-4c0f-a9ca-9cabc82afaf3;2024-01-15T13:05:00Z;6908.5;6908.5;6909.5;6908;398;
02cfdf61-6298-4c0f-a9ca-9cabc82afaf3;2024-01-15T13:06:00Z;6909.5;6909.5;6910;6908;446;
02cfdf61-6298-4c0f-a9ca-9cabc82afaf3;2024-01-15T13:07:00Z;6908.5;6908;6909.5;6908;760;
02cfdf61-6298-4c0f-a9ca-9cabc82afaf3;2024-01-15T13:08:00Z;6909;6909.5;6909.5;6908;69;
02cfdf61-6298-4c0f-a9ca-9cabc82afaf3;2024-01-15T13:09:00Z;6909.5;6908.5;6910;6908.5;68;
02cfdf61-6298-4c0f-a9ca-9cabc82afaf3;2024-01-15T13:10:00Z;6908.5;6911;6911.5;6908.5;325;
02cfdf61-6298-4c0f-a9ca-9cabc82afaf3;2024-01-15T13:11:00Z;6911;6911.5;6912;6910.5;781;
02cfdf61-6298-4c0f-a9ca-9cabc82afaf3;2024-01-15T13:12:00Z;6911;6911;6912.5;6911;302;
02cfdf61-6298-4c0f-a9ca-9cabc82afaf3;2024-01-15T13:13:00Z;6912.5;6911.5;6913;6911.5;647;
02cfdf61-6298-4c0f-a9ca-9cabc82afaf3;2024-01-15T13:14:00Z;6911.5;6911;6911.5;6911;95;
02cfdf61-6298-4c0f-a9ca-9cabc82afaf3;2024-01-15T13:15:00Z;6911;6911;6913.5;6910.5;612;
02cfdf61-6298-4c0f-a9ca-9cabc82afaf3;2024-01-15T13:16:00Z;6912.5;6912.5;6913;6911;156;
02cfdf61-6298-4c0f-a9ca-9cabc82afaf3;2024-01-15T13:17:00Z;6912.5;6911.5;6913;6911.5;228;
02cfdf61-6298-4c0f-a9ca-9cabc82afaf3;2024-01-15T13:18:00Z;6912.5;6913;6913.5;6912;255;
02cfdf61-6298-4c0f-a9ca-9cabc82afaf3;2024-01-15T13:19:00Z;6913;6913;6913.5;6912;183;
02cfdf61-6298-4c0f-a9ca-9cabc82afaf3;2024-01-15T13:20:00Z;6913;6913;6913;6910.5;871;
02cfdf61-6298-4c0f-a9ca-9cabc82afaf3;2024-01-15T13:21:00Z;6913;6911;6913;6910.5;353;
02cfdf61-6298-4c0f-a9ca-9cabc82afaf3;2024-01-15T13:22:00Z;6911;6910.5;6912;6910.5;214;
02cfdf61-6298-4c0f-a9ca-9cabc82afaf3;2024-01-15T13:23:00Z;6910.5;6909;6910.5;6909;217;
02cfdf61-6298-4c0f-a9ca-9cabc82afaf3;2024-01-15T13:24:00Z;6909.5;6910;6911;6908.5;400;
02cfdf61-6298-4c0f-a9ca-9cabc82afaf3;2024-01-15T13:25:00Z;6910;6910.5;6910.5;6909;105;
02cfdf61-6298-4c0f-a9ca-9cabc82afaf3;2024-01-15T13:26:00Z;6909;6910;6912.5;6909;273;
02cfdf61-6298-4c0f-a9ca-9cabc82afaf3;2024-01-15T13:27:00Z;6911.5;6910;6913;6910;394;
02cfdf61-6298-4c0f-a9ca-9cabc82afaf3;2024-01-15T13:28:00Z;6910.5;6911;6912;6910;90;
02cfdf61-6298-4c0f-a9ca-9cabc82afaf3;2024-01-15T13:29:00Z;6911;6910.5;6913.5;6908;1168;
02cfdf61-6298-4c0f-a9ca-9cabc82afaf3;2024-01-15T13:30:00Z;6910;6910.5;6911.5;6909.5;261;
02cfdf61-6298-4c0f-a9ca-9cabc82afaf3;2024-01-15T13:31:00Z;6911;6911;6911;6909.5;254;
02cfdf61-6298-4c0f-a9ca-9cabc82afaf3;2024-01-15T13:32:00Z;6911;6910;6911.5;6909.5;219;
02cfdf61-6298-4c0f-a9ca-9cabc82afaf3;2024-01-15T13:33:00Z;6910;6908.5;6910.5;6908.5;242;
02cfdf61-6298-4c0f-a9ca-9cabc82afaf3;2024-01-15T13:34:00Z;6908;6910;6911;6908;460;
02cfdf61-6298-4c0f-a9ca-9cabc82afaf3;2024-01-15T13:35:00Z;6909.5;6908.5;6910.5;6908;293;
02cfdf61-6298-4c0f-a9ca-9cabc82afaf3;2024-01-15T13:36:00Z;6909;6908.5;6910;6908.5;168;
02cfdf61-6298-4c0f-a9ca-9cabc82afaf3;2024-01-15T13:37:00Z;6908.5;6910.5;6911.5;6908;557;
02cfdf61-6298-4c0f-a9ca-9cabc82afaf3;2024-01-15T13:38:00Z;6911.5;6910.5;6911.5;6910;261;
02cfdf61-6298-4c0f-a9ca-9cabc82afaf3;2024-01-15T13:39:00Z;6911;6911;6912;6910;429;
02cfdf61-6298-4c0f-a9ca-9cabc82afaf3;2024-01-15T13:40:00Z;6911;6911.5;6912;6910;552;
02cfdf61-6298-4c0f-a9ca-9cabc82afaf3;2024-01-15T13:41:00Z;6912;6912;6912;6910.5;250;
02cfdf61-6298-4c0f-a9ca-9cabc82afaf3;2024-01-15T13:42:00Z;6911.5;6911;6912;6910.5;441;
02cfdf61-6298-4c0f-a9ca-9cabc82afaf3;2024-01-15T13:43:00Z;6911;6911.5;6912;6910.5;334;
02cfdf61-6298-4c0f-a9ca-9cabc82afaf3;2024-01-15T13:44:00Z;6911.5;6910;6911.5;6910;151;
02cfdf61-6298-4c0f-a9ca-9cabc82afaf3;2024-01-15T13:45:00Z;6910.5;6911;6912;6910;980;
02cfdf61-6298-4c0f-a9ca-9cabc82afaf3;2024-01-15T13:46:00Z;6911;6913;6913;6910.5;629;
02cfdf61-6298-4c0f-a9ca-9cabc82afaf3;2024-01-15T13:47:00Z;6911.5;6911;6913;6910;197;
02cfdf61-6298-4c0f-a9ca-9cabc82afaf3;2024-01-15T13:48:00Z;6911;6910.5;6912.5;6910.5;231;
02cfdf61-6298-4c0f-a9ca-9cabc82afaf3;2024-01-15T13:49:00Z;6910.5;6904.5;6911;6904.5;1761;
02cfdf61-6298-4c0f-a9ca-9cabc82afaf3;2024-01-15T13:50:00Z;6906;6905;6907.5;6903.5;467;
02cfdf61-6298-4c0f-a9ca-9cabc82afaf3;2024-01-15T13:51:00Z;6906.5;6903.5;6907;6903;520;
02cfdf61-6298-4c0f-a9ca-9cabc82afaf3;2024-01-15T13:52:00Z;6904;6905.5;6906.5;6903.5;209;
02cfdf61-6298-4c0f-a9ca-9cabc82afaf3;2024-01-15T13:53:00Z;6905.5;6906;6909;6905;445;
02cfdf61-6298-4c0f-a9ca-9cabc82afaf3;2024-01-15T13:54:00Z;6905.5;6908.5;6908.5;6905.5;260;
02cfdf61-6298-4c0f-a9ca-9cabc82afaf3;2024-01-15T13:55:00Z;6907;6906.5;6908.5;6905.5;239;
02cfdf61-6298-4c0f-a9ca-9cabc82afaf3;2024-01-15T13:56:00Z;6907;6908;6908;6905;1128;
02cfdf61-6298-4c0f-a9ca-9cabc82afaf3;2024-01-15T13:57:00Z;6906;6904.5;6907.5;6904.5;1214;
02cfdf61-6298-4c0f-a9ca-9cabc82afaf3;2024-01-15T13:58:00Z;6904.5;6905;6905.5;6904;497;
02cfdf61-6298-4c0f-a9ca-9cabc82afaf3;2024-01-15T13:59:00Z;6904.5;6904.5;6906;6904.5;171;
02cfdf61-6298-4c0f-a9ca-9cabc82afaf3;2024-01-15T14:00:00Z;6906;6905.5;6906.5;6904.5;573;
02cfdf61-6298-4c0f-a9ca-9cabc82afaf3;2024-01-15T14:01:00Z;6905.5;6904.5;6906;6903.5;821;
02cfdf61-6298-4c0f-a9ca-9cabc82afaf3;2024-01-15T14:02:00Z;6904.5;6904.5;6906;6904;153;
02cfdf61-6298-4c0f-a9ca-9cabc82afaf3;2024-01-15T14:03:00Z;6905;6905.5;6907;6905;242;
02cfdf61-6298-4c0f-a9ca-9cabc82afaf3;2024-01-15T14:04:00Z;6905.5;6906;6908.5;6903;4610;
02cfdf61-6298-4c0f-a9ca-9cabc82afaf3;2024-01-15T14:05:00Z;6906.5;6907;6908.5;6905.5;470;
02cfdf61-6298-4c0f-a9ca-9cabc82afaf3;2024-01-15T14:06:00Z;6907.5;6906.5;6909;6906;443;
02cfdf61-6298-4c0f-a9ca-9cabc82afaf3;2024-01-15T14:07:00Z;6906.5;6905.5;6908;6905.5;235;
02cfdf61-6298-4c0f-a9ca-9cabc82afaf3;2024-01-15T14:08:00Z;6905.5;6904.5;6906.5;6904;1358;
02cfdf61-6298-4c0f-a9ca-9cabc82afaf3;2024-01-15T14:09:00Z;6905;6903;6905.5;6903;551;
02cfdf61-6298-4c0f-a9ca-9cabc82afaf3;2024-01-15T14:10:00Z;6903.5;6905.5;6906;6903;284;
02cfdf61-6298-4c0f-a9ca-9cabc82afaf3;2024-01-15T14:11:00Z;6906;6904.5;6907;6904.5;319;
02cfdf61-6298-4c0f-a9ca-9cabc82afaf3;2024-01-15T14:12:00Z;6905;6904;6906;6903.5;451;
02cfdf61-6298-4c0f-a9ca-9cabc82afaf3;2024-01-15T14:13:00Z;6904;6904;6906.5;6904;250;
02cfdf61-6298-4c0f-a9ca-9cabc82afaf3;2024-01-15T14:14:00Z;6904.5;6903;6904.5;6903;441;
02cfdf61-6298-4c0f-a9ca-9cabc82afaf3;2024-01-15T14:15:00Z;6903.5;6903;6904;6903;233;
02cfdf61-6298-4c0f-a9ca-9cabc82afaf3;2024-01-15T14:16:00Z;6903;6904.5;6904.5;6903;452;
02cfdf61-6298-4c0f-a9ca-9cabc82afaf3;2024-01-15T14:17:00Z;6904.5;6904.5;6907.5;6904.5;1050;
02cfdf61-6298-4c0f-a9ca-9cabc82afaf3;2024-01-15T14:18:00Z;6904;6903.5;6905;6903;1035;
02cfdf61-6298-4c0f-a9ca-9cabc82afaf3;2024-01-15T14:19:00Z;6903.5;6903.5;6903.5;6903;310;
02cfdf61-6298-4c0f-a9ca-9cabc82afaf3;2024-01-15T14:20:00Z;6903.5;6902.5;6903.5;6902;308;
02cfdf61-6298-4c0f-a9ca-9cabc82afaf3;2024-01-15T14:21:00Z;6902.5;6903;6903;6902;401;
02cfdf61-6298-4c0f-a9ca-9cabc82afaf3;2024-01-15T14:22:00Z;6903;6903;6903;6902.5;284;
02cfdf61-6298-4c0f-a9ca-9cabc82afaf3;2024-01-15T14:23:00Z;6902.5;6903;6903;6902.5;305;
02cfdf61-6298-4c0f-a9ca-9cabc82afaf3;2024-01-15T14:24:00Z;6903;6903;6903;6902.5;349;
02cfdf61-6298-4c0f-a9ca-9cabc82afaf3;2024-01-15T14:25:00Z;6902.5;6903;6903;6902.5;760;
02cfdf61-6298-4c0f-a9ca-9cabc82afaf3;2024-01-15T14:26:00Z;6903;6900;6903;6900;1317;
02cfdf61-6298-4c0f-a9ca-9cabc82afaf3;2024-01-15T14:27:00Z;6900;6900;6901.5;6900;1882;
02cfdf61-6298-4c0f-a9ca-9cabc82afaf3;2024-01-15T14:28:00Z;6900;6894.5;6900.5;6892;4356;
02cfdf61-6298-4c0f-a9ca-9cabc82afaf3;2024-01-15T14:29:00Z;6894.5;6892.5;6895;6892.5;785;
02cfdf61-6298-4c0f-a9ca-9cabc82afaf3;2024-01-15T14:30:00Z;6893;6893.5;6894;6891.5;1776;
02cfdf61-6298-4c0f-a9ca-9cabc82afaf3;2024-01-15T14:31:00Z;6893;6893;6894;6893;349;
02cfdf61-6298-4c0f-a9ca-9cabc82afaf3;2024-01-15T14:32:00Z;6893.5;6893.5;6894;6893;1002;
02cfdf61-6298-4c0f-a9ca-9cabc82afaf3;2024-01-15T14:33:00Z;6894;6889;6894;6888.5;3250;
02cfdf61-6298-4c0f-a9ca-9cabc82afaf3;2024-01-15T14:34:00Z;6889;6891.5;6892.5;6888.5;1989;
02cfdf61-6298-4c0f-a9ca-9cabc82afaf3;2024-01-15T14:35:00Z;6891;6892;6898;6889.5;2425;
02cfdf61-6298-4c0f-a9ca-9cabc82afaf3;2024-01-15T14:36:00Z;6893;6892;6893;6891;997;
02cfdf61-6298-4c0f-a9ca-9cabc82afaf3;2024-01-15T14:37:00Z;6892;6889.5;6892;6889;4127;
02cfdf61-6298-4c0f-a9ca-9cabc82afaf3;2024-01-15T14:38:00Z;6891;6889;6891;6888.5;1210;
02cfdf61-6298-4c0f-a9ca-9cabc82afaf3;2024-01-15T14:39:00Z;6889;6889;6889;6888.5;505;
02cfdf61-6298-4c0f-a9ca-9cabc82afaf3;2024-01-15T14:40:00Z;6889;6889;6889;6888.5;754;
02cfdf61-6298-4c0f-a9ca-9cabc82afaf3;2024-01-15T14:41:00Z;6888.5;6889;6891;6888.5;3552;
02cfdf61-6298-4c0f-a9ca-9cabc82afaf3;2024-01-15T14:42:00Z;6889.5;6889.5;6890;6889;750;
02cfdf61-6298-4c0f-a9ca-9cabc82afaf3;2024-01-15T14:43:00Z;6890;6889.5;6890;6889;348;
02cfdf61-6298-4c0f-a9ca-9cabc82afaf3;2024-01-15T14:44:00Z;6889;6888.5;6889.5;6888.5;1431;
02cfdf61-6298-4c0f-a9ca-9cabc82afaf3;2024-01-15T14:45:00Z;6889;6886.5;6889;6886.5;1986;
02cfdf61-6298-4c0f-a9ca-9cabc82afaf3;2024-01-15T14:46:00Z;6886.5;6886;6888;6886;1318;
02cfdf61-6298-4c0f-a9ca-9cabc82afaf3;2024-01-15T14:47:00Z;6886.5;6886;6887;6886;1451;
02cfdf61-6298-4c0f-a9ca-9cabc82afaf3;2024-01-15T14:48:00Z;6886;6886;6886.5;6886;810;
02cfdf61-6298-4c0f-a9ca-9cabc82afaf3;2024-01-15T14:49:00Z;6886.5;6885.5;6886.5;6885;1098;
02cfdf61-6298-4c0f-a9ca-9cabc82afaf3;2024-01-15T14:50:00Z;6885.5;6882;6885.5;6882;3131;
02cfdf61-6298-4c0f-a9ca-9cabc82afaf3;2024-01-15T14:51:00Z;6882;6877;6882;6876.5;3907;
02cfdf61-6298-4c0f-a9ca-9cabc82afaf3;2024-01-15T14:52:00Z;6876.5;6878;6878.5;6876;2646;
02cfdf61-6298-4c0f-a9ca-9cabc82afaf3;2024-01-15T14:53:00Z;6878;6880;6880.5;6878;1805;
02cfdf61-6298-4c0f-a9ca-9cabc82afaf3;2024-01-15T14:54:00Z;6879.5;6882;6884;6878.5;1503;
02cfdf61-6298-4c0f-a9ca-9cabc82afaf3;2024-01-15T14:55:00Z;6881.5;6881.5;6883;6880.5;751;
02cfdf61-6298-4c0f-a9ca-9cabc82afaf3;2024-01-15T14:56:00Z;6881;6882;6883.5;6880;944;
02cfdf61-6298-4c0f-a9ca-9cabc82afaf3;2024-01-15T14:57:00Z;6882.5;6882.5;6883;6882;625;
02cfdf61-6298-4c0f-a9ca-9cabc82afaf3;2024-01-15T14:58:00Z;6882;6881;6882;6880.5;531;
02cfdf61-6298-4c0f-a9ca-9cabc82afaf3;2024-01-15T14:59:00Z;6881.5;6880.5;6882;6879;888;
02cfdf61-6298-4c0f-a9ca-9cabc82afaf3;2024-01-15T15:00:00Z;6880.5;6881.5;6881.5;6879.5;1038;
02cfdf61-6298-4c0f-a9ca-9cabc82afaf3;2024-01-15T15:01:00Z;6881.5;6877.5;6881.5;6877.5;1334;
02cfdf61-6298-4c0f-a9ca-9cabc82afaf3;2024-01-15T15:02:00Z;6877;6877;6878.5;6876.5;1236;
02cfdf61-6298-4c0f-a9ca-9cabc82afaf3;2024-01-15T15:03:00Z;6876.5;6876;6877;6876;704;
02cfdf61-6298-4c0f-a9ca-9cabc82afaf3;2024-01-15T15:04:00Z;6876.5;6875;6877.5;6874.5;5660;
02cfdf61-6298-4c0f-a9ca-9cabc82afaf3;2024-01-15T15:05:00Z;6875;6875.5;6875.5;6874.5;1259;
02cfdf61-6298-4c0f-a9ca-9cabc82afaf3;2024-01-15T15:06:00Z;6875.5;6876.5;6876.5;6875;585;
02cfdf61-6298-4c0f-a9ca-9cabc82afaf3;2024-01-15T15:07:00Z;6876.5;6877.5;6877.5;6876;835;
02cfdf61-6298-4c0f-a9ca-9cabc82afaf3;2024-01-15T15:08:00Z;6877;6875.5;6879.5;6874;3515;
02cfdf61-6298-4c0f-a9ca-9cabc82afaf3;2024-01-15T15:09:00Z;6876;6875;6876;6874.5;462;
02cfdf61-6298-4c0f-a9ca-9cabc82afaf3;2024-01-15T15:10:00Z;6874.5;6874.5;6875;6874;1489;
02cfdf61-6298-4c0f-a9ca-9cabc82afaf3;2024-01-15T15:11:00Z;6874;6876.5;6877;6874;924;
02cfdf61-6298-4c0f-a9ca-9cabc82afaf3;2024-01-15T15:12:00Z;6876.5;6877.5;6877.5;6875.5;851;
02cfdf61-6298-4c0f-a9ca-9cabc82afaf3;2024-01-15T15:13:00Z;6877.5;6878;6878;6876.5;860;
02cfdf61-6298-4c0f-a9ca-9cabc82afaf3;2024-01-15T15:14:00Z;6877.5;6878.5;6878.5;6877.5;273;
02cfdf61-6298-4c0f-a9ca-9cabc82afaf3;2024-01-15T15:15:00Z;6878.5;6879;6879.5;6877.5;443;
02cfdf61-6298-4c0f-a9ca-9cabc82afaf3;2024-01-15T15:16:00Z;6879;6881;6882.5;6878.5;3635;
02cfdf61-6298-4c0f-a9ca-9cabc82afaf3;2024-01-15T15:17:00Z;6880;6882;6882.5;6879.5;427;
02cfdf61-6298-4c0f-a9ca-9cabc82afaf3;2024-01-15T15:18:00Z;6882;6881;6882;6880;789;
02cfdf61-6298-4c0f-a9ca-9cabc82afaf3;2024-01-15T15:19:00Z;6880;6886;6886.5;6880;3240;
02cfdf61-6298-4c0f-a9ca-9cabc82afaf3;2024-01-15T15:20:00Z;6886;6885;6888;6885;1020;
02cfdf61-6298-4c0f-a9ca-9cabc82afaf3;2024-01-15T15:21:00Z;6885;6882;6886.5;6882;472;
02cfdf61-6298-4c0f-a9ca-9cabc82afaf3;2024-01-15T15:22:00Z;6883.5;6881.5;6884;6881.5;255;
02cfdf61-6298-4c0f-a9ca-9cabc82afaf3;2024-01-15T15:23:00Z;6881.5;6882.5;6883.5;6881;728;
02cfdf61-6298-4c0f-a9ca-9cabc82afaf3;2024-01-15T15:24:00Z;6882.5;6882;6885;6882;1045;
02cfdf61-6298-4c0f-a9ca-9cabc82afaf3;2024-01-15T15:25:00Z;6882.5;6881;6882.5;6881;344;
02cfdf61-6298-4c0f-a9ca-9cabc82afaf3;2024-01-15T15:26:00Z;6881;6880;6881.5;6880;1279;
02cfdf61-6298-4c0f-a9ca-9cabc82afaf3;2024-01-15T15:27:00Z;6880;6880.5;6882;6880;667;
02cfdf61-6298-4c0f-a9ca-9cabc82afaf3;2024-01-15T15:28:00Z;6880.5;6880;6882;6880;568;
02cfdf61-6298-4c0f-a9ca-9cabc82afaf3;2024-01-15T15:29:00Z;6880;6881.5;6881.5;6880;403;
02cfdf61-6298-4c0f-a9ca-9cabc82afaf3;2024-01-15T15:30:00Z;6880.5;6881;6881.5;6880;560;
02cfdf61-6298-4c0f-a9ca-9cabc82afaf3;2024-01-15T15:31:00Z;6881;6880;6881;6880;294;
02cfdf61-6298-4c0f-a9ca-9cabc82afaf3;2024-01-15T15:32:00Z;6880;6880.5;6881.5;6880;562;
02cfdf61-6298-4c0f-a9ca-9cabc82afaf3;2024-01-15T15:33:00Z;6880.5;6879.5;6883;6878.5;866;
02cfdf61-6298-4c0f-a9ca-9cabc82afaf3;2024-01-15T15:34:00Z;6878.5;6878;6879.5;6878;637;
02cfdf61-6298-4c0f-a9ca-9cabc82afaf3;2024-01-15T15:35:00Z;6878;6879;6879;6877.5;317;
02cfdf61-6298-4c0f-a9ca-9cabc82afaf3;2024-01-15T15:36:00Z;6879;6879;6879.5;6877.5;404;
02cfdf61-6298-4c0f-a9ca-9cabc82afaf3;2024-01-15T15:37:00Z;6879;6878;6879;6877.5;103;
02cfdf61-6298-4c0f-a9ca-9cabc82afaf3;2024-01-15T15:38:00Z;6878;6878;6878.5;6877.5;188;
02cfdf61-6298-4c0f-a9ca-9cabc82afaf3;2024-01-15T15:39:00Z;6878;6877.5;6879;6876;302;
02cfdf61-6298-4c0f-a9ca-9cabc82afaf3;2024-01-15T15:45:00Z;6890;6890;6890;6890;24084;
02cfdf61-6298-4c0f-a9ca-9cabc82afaf3;2024-01-15T15:46:00Z;6890;6890;6890;6890;262;
02cfdf61-6298-4c0f-a9ca-9cabc82afaf3;2024-01-15T15:47:00Z;6890;6890;6890;6890;53;
02cfdf61-6298-4c0f-a9ca-9cabc82afaf3;2024-01-15T15:48:00Z;6890;6890;6890;6890;105;
02cfdf61-6298-4c0f-a9ca-9cabc82afaf3;2024-01-15T15:49:00Z;6890;6890;6890;6890;16;
02cfdf61-6298-4c0f-a9ca-9cabc82afaf3;2024-01-15T16:04:00Z;6880;6880;6880;6880;381;
02cfdf61-6298-4c0f-a9ca-9cabc82afaf3;2024-01-15T16:05:00Z;6887;6885;6888;6880.5;423;
02cfdf61-6298-4c0f-a9ca-9cabc82afaf3;2024-01-15T16:06:00Z;6885;6883;6886;6882.5;765;
02cfdf61-6298-4c0f-a9ca-9cabc82afaf3;2024-01-15T16:07:00Z;6884;6885.5;6887.5;6883.5;423;
02cfdf61-6298-4c0f-a9ca-9cabc82afaf3;2024-01-15T16:08:00Z;6885;6885.5;6886;6883.5;168;
02cfdf61-6298-4c0f-a9ca-9cabc82afaf3;2024-01-15T16:09:00Z;6885.5;6888.5;6888.5;6884.5;456;
02cfdf61-6298-4c0f-a9ca-9cabc82afaf3;2024-01-15T16:10:00Z;6888.5;6889;6889.5;6888.5;723;
02cfdf61-6298-4c0f-a9ca-9cabc82afaf3;2024-01-15T16:11:00Z;6889.5;6889.5;6890;6889;764;
02cfdf61-6298-4c0f-a9ca-9cabc82afaf3;2024-01-15T16:12:00Z;6889.5;6894;6894.5;6888.5;669;
02cfdf61-6298-4c0f-a9ca-9cabc82afaf3;2024-01-15T16:13:00Z;6894;6892.5;6894.5;6892.5;391;
02cfdf61-6298-4c0f-a9ca-9cabc82afaf3;2024-01-15T16:14:00Z;6893.5;6891.5;6893.5;6891.5;203;
02cfdf61-6298-4c0f-a9ca-9cabc82afaf3;2024-01-15T16:15:00Z;6893;6891;6893;6889.5;175;
02cfdf61-6298-4c0f-a9ca-9cabc82afaf3;2024-01-15T16:16:00Z;6891;6889;6891;6889;128;
02cfdf61-6298-4c0f-a9ca-9cabc82afaf3;2024-01-15T16:17:00Z;6890;6892;6892;6889.5;395;
02cfdf61-6298-4c0f-a9ca-9cabc82afaf3;2024-01-15T16:18:00Z;6892;6894;6895;6889.5;795;
02cfdf61-6298-4c0f-a9ca-9cabc82afaf3;2024-01-15T16:19:00Z;6892.5;6894.5;6895;6891;858;
02cfdf61-6298-4c0f-a9ca-9cabc82afaf3;2024-01-15T16:20:00Z;6895;6894;6895;6891.5;298;
02cfdf61-6298-4c0f-a9ca-9cabc82afaf3;2024-01-15T16:21:00Z;6893.5;6894;6894.5;6891.5;267;
02cfdf61-6298-4c0f-a9ca-9cabc82afaf3;2024-01-15T16:22:00Z;6894.5;6892.5;6895;6892.5;825;
02cfdf61-6298-4c0f-a9ca-9cabc82afaf3;2024-01-15T16:23:00Z;6894.5;6896;6896;6892;500;
02cfdf61-6298-4c0f-a9ca-9cabc82afaf3;2024-01-15T16:24:00Z;6896;6894;6896;6894;150;
02cfdf61-6298-4c0f-a9ca-9cabc82afaf3;2024-01-15T16:25:00Z;6894.5;6896;6896;6892;521;
02cfdf61-6298-4c0f-a9ca-9cabc82afaf3;2024-01-15T16:26:00Z;6895;6895;6896;6894;647;
02cfdf61-6298-4c0f-a9ca-9cabc82afaf3;2024-01-15T16:27:00Z;6895;6895;6895.5;6892;588;
02cfdf61-6298-4c0f-a9ca-9cabc82afaf3;2024-01-15T16:28:00Z;6895;6897;6897;6894;502;
02cfdf61-6298-4c0f-a9ca-9cabc82afaf3;2024-01-15T16:29:00Z;6897;6895.5;6897;6895.5;179;
02cfdf61-6298-4c0f-a9ca-9cabc82afaf3;2024-01-15T16:30:00Z;6896;6896;6897;6896;88;
02cfdf61-6298-4c0f-a9ca-9cabc82afaf3;2024-01-15T16:31:00Z;6896.5;6897;6897;6894.5;203;
02cfdf61-6298-4c0f-a9ca-9cabc82afaf3;2024-01-15T16:32:00Z;6897;6897;6897;6896.5;137;
02cfdf61-6298-4c0f-a9ca-9cabc82afaf3;2024-01-15T16:33:00Z;6897;6895.5;6897;6895.5;83;
02cfdf61-6298-4c0f-a9ca-9cabc82afaf3;2024-01-15T16:34:00Z;6895;6897;6897;6895;90;
02cfdf61-6298-4c0f-a9ca-9cabc82afaf3;2024-01-15T16:35:00Z;6897;6897.5;6898;6895.5;237;
02cfdf61-6298-4c0f-a9ca-9cabc82afaf3;2024-01-15T16:36:00Z;6897.5;6896.5;6900;6896.5;740;
02cfdf61-6298-4c0f-a9ca-9cabc82afaf3;2024-01-15T16:37:00Z;6899;6897;6900;6897;173;
02cfdf61-6298-4c0f-a9ca-9cabc82afaf3;2024-01-15T16:38:00Z;6898;6899.5;6900;6898;347;
02cfdf61-6298-4c0f-a9ca-9cabc82afaf3;2024-01-15T16:39:00Z;6899.5;6899.5;6900;6898;104;
02cfdf61-6298-4c0f-a9ca-9cabc82afaf3;2024-01-15T16:40:00Z;6899.5;6900;6900;6896;805;
02cfdf61-6298-4c0f-a9ca-9cabc82afaf3;2024-01-15T16:41:00Z;6900;6899;6900;6894.5;636;
02cfdf61-6298-4c0f-a9ca-9cabc82afaf3;2024-01-15T16:42:00Z;6899;6898;6899;6895;194;
02cfdf61-6298-4c0f-a9ca-9cabc82afaf3;2024-01-15T16:43:00Z;6898;6896;6898.5;6895.5;37;
02cfdf61-6298-4c0f-a9ca-9cabc82afaf3;2024-01-15T16:44:00Z;6896;6895.5;6897.5;6895.5;51;
02cfdf61-6298-4c0f-a9ca-9cabc82afaf3;2024-01-15T16:45:00Z;6895.5;6897;6897;6894.5;312;
02cfdf61-6298-4c0f-a9ca-9cabc82afaf3;2024-01-15T16:46:00Z;6897;6899;6899;6896;256;
02cfdf61-6298-4c0f-a9ca-9cabc82afaf3;2024-01-15T16:47:00Z;6899;6898;6899;6898;4;
02cfdf61-6298-4c0f-a9ca-9cabc82afaf3;2024-01-15T16:48:00Z;6898;6898.5;6898.5;6897;55;
02cfdf61-6298-4c0f-a9ca-9cabc82afaf3;2024-01-15T16:49:00Z;6898.5;6897;6898.5;6897;74;
02cfdf61-6298-4c0f-a9ca-9cabc82afaf3;2024-01-15T16:50:00Z;6897.5;6894;6898;6894;319;
02cfdf61-6298-4c0f-a9ca-9cabc82afaf3;2024-01-15T16:51:00Z;6895.5;6895;6897;6894.5;134;
02cfdf61-6298-4c0f-a9ca-9cabc82afaf3;2024-01-15T16:52:00Z;6895;6895;6895;6894.5;178;
02cfdf61-6298-4c0f-a9ca-9cabc82afaf3;2024-01-15T16:53:00Z;6897;6897;6897;6895.5;30;
02cfdf61-6298-4c0f-a9ca-9cabc82afaf3;2024-01-15T16:54:00Z;6897;6896;6897;6895;165;
02cfdf61-6298-4c0f-a9ca-9cabc82afaf3;2024-01-15T16:55:00Z;6897;6897;6897;6895.5;156;
02cfdf61-6298-4c0f-a9ca-9cabc82afaf3;2024-01-15T16:56:00Z;6897;6895.5;6897;6895.5;192;
02cfdf61-6298-4c0f-a9ca-9cabc82afaf3;2024-01-15T16:57:00Z;6896;6896.5;6897;6894;952;
02cfdf61-6298-4c0f-a9ca-9cabc82afaf3;2024-01-15T16:58:00Z;6895;6897;6897;6894.5;145;
02cfdf61-6298-4c0f-a9ca-9cabc82afaf3;2024-01-15T16:59:00Z;6895.5;6896;6897;6895;98;
02cfdf61-6298-4c0f-a9ca-9cabc82afaf3;2024-01-15T17:00:00Z;6896;6895.5;6896;6895.5;87;
02cfdf61-6298-4c0f-a9ca-9cabc82afaf3;2024-01-15T17:01:00Z;6895.5;6894.5;6896.5;6894.5;106;
02cfdf61-6298-4c0f-a9ca-9cabc82afaf3;2024-01-15T17:02:00Z;6896.5;6895.5;6896.5;6894;91;
02cfdf61-6298-4c0f-a9ca-9cabc82afaf3;2024-01-15T17:03:00Z;6895.5;6895.5;6896;6893.5;66;
02cfdf61-6298-4c0f-a9ca-9cabc82afaf3;2024-01-15T17:04:00Z;6895.5;6895;6896;6893.5;52;
02cfdf61-6298-4c0f-a9ca-9cabc82afaf3;2024-01-15T17:05:00Z;6895;6894.5;6895.5;6890;744;
02cfdf61-6298-4c0f-a9ca-9cabc82afaf3;2024-01-15T17:06:00Z;6892;6893;6894;6891;40;
02cfdf61-6298-4c0f-a9ca-9cabc82afaf3;2024-01-15T17:07:00Z;6893.5;6889.5;6893.5;6888;1492;
02cfdf61-6298-4c0f-a9ca-9cabc82afaf3;2024-01-15T17:08:00Z;6888;6887.5;6889.5;6887.5;121;
02cfdf61-6298-4c0f-a9ca-9cabc82afaf3;2024-01-15T17:09:00Z;6889;6887;6890;6885.5;476;
02cfdf61-6298-4c0f-a9ca-9cabc82afaf3;2024-01-15T17:10:00Z;6887;6886.5;6887;6885.5;178;
02cfdf61-6298-4c0f-a9ca-9cabc82afaf3;2024-01-15T17:11:00Z;6885.5;6887;6887;6885;257;
02cfdf61-6298-4c0f-a9ca-9cabc82afaf3;2024-01-15T17:12:00Z;6887;6886;6887;6885;402;
02cfdf61-6298-4c0f-a9ca-9cabc82afaf3;2024-01-15T17:13:00Z;6886.5;6886;6886.5;6885;161;
02cfdf61-6298-4c0f-a9ca-9cabc82afaf3;2024-01-15T17:14:00Z;6885.5;6886.5;6886.5;6882.5;1331;
02cfdf61-6298-4c0f-a9ca-9cabc82afaf3;2024-01-15T17:15:00Z;6885;6883.5;6886;6881;1753;
02cfdf61-6298-4c0f-a9ca-9cabc82afaf3;2024-01-15T17:16:00Z;6883.5;6882;6886.5;6881.5;278;
02cfdf61-6298-4c0f-a9ca-9cabc82afaf3;2024-01-15T17:17:00Z;6882.5;6882;6884.5;6882;278;
02cfdf61-6298-4c0f-a9ca-9cabc82afaf3;2024-01-15T17:18:00Z;6882;6882.5;6882.5;6881.5;124;
02cfdf61-6298-4c0f-a9ca-9cabc82afaf3;2024-01-15T17:19:00Z;6882;6882;6882;6881;327;
02cfdf61-6298-4c0f-a9ca-9cabc82afaf3;2024-01-15T17:20:00Z;6881;6881;6882;6881;655;
02cfdf61-6298-4c0f-a9ca-9cabc82afaf3;2024-01-15T17:21:00Z;6882;6881.5;6882;6881;63;
02cfdf61-6298-4c0f-a9ca-9cabc82afaf3;2024-01-15T17:22:00Z;6882;6881;6882;6881;61;
02cfdf61-6298-4c0f-a9ca-9cabc82afaf3;2024-01-15T17:23:00Z;6881.5;6882;6882;6881;105;
02cfdf61-6298-4c0f-a9ca-9cabc82afaf3;2024-01-15T17:24:00Z;6882;6881.5;6882;6881;85;
02cfdf61-6298-4c0f-a9ca-9cabc82afaf3;2024-01-15T17:25:00Z;6881.5;6881;6881.5;6881;107;
02cfdf61-6298-4c0f-a9ca-9cabc82afaf3;2024-01-15T17:26:00Z;6881.5;6881.5;6881.5;6881;139;
02cfdf61-6298-4c0f-a9ca-9cabc82afaf3;2024-01-15T17:27:00Z;6881.5;6881;6881.5;6881;29;
02cfdf61-6298-4c0f-a9ca-9cabc82afaf3;2024-01-15T17:28:00Z;6881;6883.5;6886;6881;1551;
02cfdf61-6298-4c0f-a9ca-9cabc82afaf3;2024-01-15T17:29:00Z;6883.5;6883.5;6883.5;6882;123;
02cfdf61-6298-4c0f-a9ca-9cabc82afaf3;2024-01-15T17:30:00Z;6883.5;6883;6883.5;6883;39;
02cfdf61-6298-4c0f-a9ca-9cabc82afaf3;2024-01-15T17:31:00Z;6883;6885.5;6886;6882.5;221;
02cfdf61-6298-4c0f-a9ca-9cabc82afaf3;2024-01-15T17:32:00Z;6885.5;6884;6886;6884;319;
02cfdf61-6298-4c0f-a9ca-9cabc82afaf3;2024-01-15T17:33:00Z;6885.5;6886.5;6886.5;6885;342;
02cfdf61-6298-4c0f-a9ca-9cabc82afaf3;2024-01-15T17:34:00Z;6886.5;6888.5;6888.5;6885.5;170;
02cfdf61-6298-4c0f-a9ca-9cabc82afaf3;2024-01-15T17:35:00Z;6888.5;6888.5;6888.5;6886;97;
02cfdf61-6298-4c0f-a9ca-9cabc82afaf3;2024-01-15T17:36:00Z;6887.5;6888.5;6888.5;6887;119;
02cfdf61-6298-4c0f-a9ca-9cabc82afaf3;2024-01-15T17:37:00Z;6888.5;6888;6888.5;6888;68;
02cfdf61-6298-4c0f-a9ca-9cabc82afaf3;2024-01-15T17:38:00Z;6888.5;6888;6888.5;6888;85;
02cfdf61-6298-4c0f-a9ca-9cabc82afaf3;2024-01-15T17:39:00Z;6888.5;6886;6888.5;6885;94;
02cfdf61-6298-4c0f-a9ca-9cabc82afaf3;2024-01-15T17:40:00Z;6886;6886;6886;6885;30;
02cfdf61-6298-4c0f-a9ca-9cabc82afaf3;2024-01-15T17:41:00Z;6885;6886;6886;6885;12;
02cfdf61-6298-4c0f-a9ca-9cabc82afaf3;2024-01-15T17:42:00Z;6885;6888;6888;6885;193;
02cfdf61-6298-4c0f-a9ca-9cabc82afaf3;2024-01-15T17:43:00Z;6886;6887.5;6888;6886;169;
02cfdf61-6298-4c0f-a9ca-9cabc82afaf3;2024-01-15T17:44:00Z;6887.5;6887;6888;6887;48;
02cfdf61-6298-4c0f-a9ca-9cabc82afaf3;2024-01-15T17:45:00Z;6887;6886;6887;6883;514;
02cfdf61-6298-4c0f-a9ca-9cabc82afaf3;2024-01-15T17:46:00Z;6885;6885.5;6886;6882.5;108;
02cfdf61-6298-4c0f-a9ca-9cabc82afaf3;2024-01-15T17:47:00Z;6885.5;6884;6885.5;6884;14;
02cfdf61-6298-4c0f-a9ca-9cabc82afaf3;2024-01-15T17:48:00Z;6885.5;6886;6886.5;6882;460;
02cfdf61-6298-4c0f-a9ca-9cabc82afaf3;2024-01-15T17:49:00Z;6886.5;6883.5;6886.5;6883.5;20;
02cfdf61-6298-4c0f-a9ca-9cabc82afaf3;2024-01-15T17:50:00Z;6886;6884;6886;6884;18;
02cfdf61-6298-4c0f-a9ca-9cabc82afaf3;2024-01-15T17:51:00Z;6883.5;6887;6887;6883.5;50;
02cfdf61-6298-4c0f-a9ca-9cabc82afaf3;2024-01-15T17:52:00Z;6886.5;6883.5;6887.5;6883.5;122;
02cfdf61-6298-4c0f-a9ca-9cabc82afaf3;2024-01-15T17:53:00Z;6884;6885.5;6887;6883;204;
02cfdf61-6298-4c0f-a9ca-9cabc82afaf3;2024-01-15T17:54:00Z;6885.5;6883.5;6886;6883;91;
02cfdf61-6298-4c0f-a9ca-9cabc82afaf3;2024-01-15T17:55:00Z;6884;6883.5;6887;6883.5;153;
02cfdf61-6298-4c0f-a9ca-9cabc82afaf3;2024-01-15T17:56:00Z;6883.5;6883;6887.5;6882.5;451;
02cfdf61-6298-4c0f-a9ca-9cabc82afaf3;2024-01-15T17:57:00Z;6883;6883.5;6886.5;6883;128;
02cfdf61-6298-4c0f-a9ca-9cabc82afaf3;2024-01-15T17:58:00Z;6883.5;6883.5;6883.5;6883;52;
02cfdf61-6298-4c0f-a9ca-9cabc82afaf3;2024-01-15T17:59:00Z;6883.5;6883.5;6883.5;6883;34;
02cfdf61-6298-4c0f-a9ca-9cabc82afaf3;2024-01-15T18:00:00Z;6883;6883;6883.5;6882;296;
02cfdf61-6298-4c0f-a9ca-9cabc82afaf3;2024-01-15T18:01:00Z;6883;6883.5;6883.5;6882.5;29;
02cfdf61-6298-4c0f-a9ca-9cabc82afaf3;2024-01-15T18:02:00Z;6882.5;6882.5;6883.5;6882;206;
02cfdf61-6298-4c0f-a9ca-9cabc82afaf3;2024-01-15T18:03:00Z;6882.5;6882.5;6882.5;6882;34;
02cfdf61-6298-4c0f-a9ca-9cabc82afaf3;2024-01-15T18:04:00Z;6882.5;6882.5;6882.5;6882;89;
02cfdf61-6298-4c0f-a9ca-9cabc82afaf3;2024-01-15T18:05:00Z;6882;6882.5;6882.5;6882;30;
02cfdf61-6298-4c0f-a9ca-9cabc82afaf3;2024-01-15T18:06:00Z;6882;6883.5;6884;6882;91;
02cfdf61-6298-4c0f-a9ca-9cabc82afaf3;2024-01-15T18:07:00Z;6884;6884;6884;6884;5;
02cfdf61-6298-4c0f-a9ca-9cabc82afaf3;2024-01-15T18:08:00Z;6883.5;6884;6884;6883.5;91;
02cfdf61-6298-4c0f-a9ca-9cabc82afaf3;2024-01-15T18:09:00Z;6883.5;6887;6887;6883.5;84;
02cfdf61-6298-4c0f-a9ca-9cabc82afaf3;2024-01-15T18:10:00Z;6887;6887;6887.5;6885.5;123;
02cfdf61-6298-4c0f-a9ca-9cabc82afaf3;2024-01-15T18:11:00Z;6887;6888;6888;6884.5;344;
02cfdf61-6298-4c0f-a9ca-9cabc82afaf3;2024-01-15T18:12:00Z;6885;6885;6888;6885;35;
02cfdf61-6298-4c0f-a9ca-9cabc82afaf3;2024-01-15T18:13:00Z;6885;6888.5;6888.5;6884.5;167;
02cfdf61-6298-4c0f-a9ca-9cabc82afaf3;2024-01-15T18:14:00Z;6888;6888.5;6888.5;6888;37;
02cfdf61-6298-4c0f-a9ca-9cabc82afaf3;2024-01-15T18:15:00Z;6888.5;6888;6889.5;6887.5;327;
02cfdf61-6298-4c0f-a9ca-9cabc82afaf3;2024-01-15T18:16:00Z;6889;6891.5;6891.5;6888.5;317;
02cfdf61-6298-4c0f-a9ca-9cabc82afaf3;2024-01-15T18:17:00Z;6891.5;6893.5;6896;6889;933;
02cfdf61-6298-4c0f-a9ca-9cabc82afaf3;2024-01-15T18:18:00Z;6893.5;6895;6896;6891.5;167;
02cfdf61-6298-4c0f-a9ca-9cabc82afaf3;2024-01-15T18:19:00Z;6895;6894;6895;6893.5;108;
02cfdf61-6298-4c0f-a9ca-9cabc82afaf3;2024-01-15T18:20:00Z;6894;6896;6896;6894;462;
02cfdf61-6298-4c0f-a9ca-9cabc82afaf3;2024-01-15T18:21:00Z;6894;6895.5;6896;6891.5;413;
02cfdf61-6298-4c0f-a9ca-9cabc82afaf3;2024-01-15T18:22:00Z;6892.5;6895;6895;6891.5;57;
02cfdf61-6298-4c0f-a9ca-9cabc82afaf3;2024-01-15T18:23:00Z;6893;6895;6895.5;6892;43;
02cfdf61-6298-4c0f-a9ca-9cabc82afaf3;2024-01-15T18:24:00Z;6895;6895.5;6895.5;6892;83;
02cfdf61-6298-4c0f-a9ca-9cabc82afaf3;2024-01-15T18:25:00Z;6895;6895;6895.5;6893;60;
02cfdf61-6298-4c0f-a9ca-9cabc82afaf3;2024-01-15T18:26:00Z;6894.5;6895;6895;6894.5;74;
02cfdf61-6298-4c0f-a9ca-9cabc82afaf3;2024-01-15T18:27:00Z;6895;6894;6895;6893.5;20;
02cfdf61-6298-4c0f-a9ca-9cabc82afaf3;2024-01-15T18:28:00Z;6893.5;6893.5;6893.5;6893;41;
02cfdf61-6298-4c0f-a9ca-9cabc82afaf3;2024-01-15T18:29:00Z;6893.5;6894;6894;6892;45;
02cfdf61-6298-4c0f-a9ca-9cabc82afaf3;2024-01-15T18:30:00Z;6894;6893.5;6894;6892;28;
02cfdf61-6298-4c0f-a9ca-9cabc82afaf3;2024-01-15T18:31:00Z;6892;6893;6894;6892;43;
02cfdf61-6298-4c0f-a9ca-9cabc82afaf3;2024-01-15T18:32:00Z;6893;6893;6893.5;6892;22;
02cfdf61-6298-4c0f-a9ca-9cabc82afaf3;2024-01-15T18:33:00Z;6893;6893.5;6893.5;6892;218;
02cfdf61-6298-4c0f-a9ca-9cabc82afaf3;2024-01-15T18:34:00Z;6893.5;6893.5;6893.5;6892;75;
02cfdf61-6298-4c0f-a9ca-9cabc82afaf3;2024-01-15T18:35:00Z;6893.5;6893;6893.5;6893;84;
02cfdf61-6298-4c0f-a9ca-9cabc82afaf3;2024-01-15T18:36:00Z;6892;6892;6893.5;6887;586;
02cfdf61-6298-4c0f-a9ca-9cabc82afaf3;2024-01-15T18:37:00Z;6889;6891.5;6892;6887.5;189;
02cfdf61-6298-4c0f-a9ca-9cabc82afaf3;2024-01-15T18:38:00Z;6889.5;6889;6891.5;6887;270;
02cfdf61-6298-4c0f-a9ca-9cabc82afaf3;2024-01-15T18:39:00Z;6888.5;6891;6891;6888.5;94;
02cfdf61-6298-4c0f-a9ca-9cabc82afaf3;2024-01-15T18:40:00Z;6889;6889.5;6891;6889;255;
02cfdf61-6298-4c0f-a9ca-9cabc82afaf3;2024-01-15T18:41:00Z;6889.5;6891;6891;6889.5;7;
02cfdf61-6298-4c0f-a9ca-9cabc82afaf3;2024-01-15T18:42:00Z;6890;6891;6891;6890;168;
02cfdf61-6298-4c0f-a9ca-9cabc82afaf3;2024-01-15T18:43:00Z;6890.5;6889;6891;6888.5;71;
02cfdf61-6298-4c0f-a9ca-9cabc82afaf3;2024-01-15T18:44:00Z;6889;6888.5;6889;6888.5;21;
02cfdf61-6298-4c0f-a9ca-9cabc82afaf3;2024-01-15T18:45:00Z;6888.5;6888;6888.5;6887.5;112;
02cfdf61-6298-4c0f-a9ca-9cabc82afaf3;2024-01-15T18:46:00Z;6888;6888;6888;6887.5;17;
02cfdf61-6298-4c0f-a9ca-9cabc82afaf3;2024-01-15T18:47:00Z;6887.5;6887.5;6888;6887.5;96;
02cfdf61-6298-4c0f-a9ca-9cabc82afaf3;2024-01-15T18:48:00Z;6888;6888;6888.5;6888;24;
02cfdf61-6298-4c0f-a9ca-9cabc82afaf3;2024-01-15T18:49:00Z;6888;6888.5;6888.5;6888;32;
02cfdf61-6298-4c0f-a9ca-9cabc82afaf3;2024-01-15T18:50:00Z;6888.5;6888.5;6888.5;6888;17;
02cfdf61-6298-4c0f-a9ca-9cabc82afaf3;2024-01-15T18:51:00Z;6888;6890;6890;6887.5;152;
02cfdf61-6298-4c0f-a9ca-9cabc82afaf3;2024-01-15T18:52:00Z;6888.5;6891.5;6891.5;6888.5;80;
02cfdf61-6298-4c0f-a9ca-9cabc82afaf3;2024-01-15T18:53:00Z;6891.5;6889;6892;6888;155;
02cfdf61-6298-4c0f-a9ca-9cabc82afaf3;2024-01-15T18:54:00Z;6888;6890;6890.5;6887.5;385;
02cfdf61-6298-4c0f-a9ca-9cabc82afaf3;2024-01-15T18:55:00Z;6888;6889.5;6889.5;6888;9;
02cfdf61-6298-4c0f-a9ca-9cabc82afaf3;2024-01-15T18:56:00Z;6888.5;6889.5;6890;6888.5;87;
02cfdf61-6298-4c0f-a9ca-9cabc82afaf3;2024-01-15T18:57:00Z;6889;6888;6890.5;6886.5;513;
02cfdf61-6298-4c0f-a9ca-9cabc82afaf3;2024-01-15T18:58:00Z;6888.5;6888.5;6888.5;6888.5;5;
02cfdf61-6298-4c0f-a9ca-9cabc82afaf3;2024-01-15T18:59:00Z;6888.5;6888.5;6888.5;6888.5;10;
02cfdf61-6298-4c0f-a9ca-9cabc82afaf3;2024-01-15T19:00:00Z;6888.5;6890;6890;6888.5;94;
02cfdf61-6298-4c0f-a9ca-9cabc82afaf3;2024-01-15T19:01:00Z;6890;6888;6890;6887;199;
02cfdf61-6298-4c0f-a9ca-9cabc82afaf3;2024-01-15T19:02:00Z;6888;6890;6890;6888;88;
02cfdf61-6298-4c0f-a9ca-9cabc82afaf3;2024-01-15T19:03:00Z;6890;6888;6890;6888;40;
02cfdf61-6298-4c0f-a9ca-9cabc82afaf3;2024-01-15T19:04:00Z;6889.5;6890;6890;6888;89;
02cfdf61-6298-4c0f-a9ca-9cabc82afaf3;2024-01-15T19:05:00Z;6890;6890;6890;6888;31;
02cfdf61-6298-4c0f-a9ca-9cabc82afaf3;2024-01-15T19:06:00Z;6889.5;6888;6889.5;6887.5;53;
02cfdf61-6298-4c0f-a9ca-9cabc82afaf3;2024-01-15T19:07:00Z;6888;6886.5;6888;6886.5;63;
02cfdf61-6298-4c0f-a9ca-9cabc82afaf3;2024-01-15T19:08:00Z;6886.5;6888.5;6889.5;6886.5;186;
02cfdf61-6298-4c0f-a9ca-9cabc82afaf3;2024-01-15T19:09:00Z;6887;6888.5;6888.5;6887;12;
02cfdf61-6298-4c0f-a9ca-9cabc82afaf3;2024-01-15T19:10:00Z;6888.5;6888.5;6889;6886;339;
02cfdf61-6298-4c0f-a9ca-9cabc82afaf3;2024-01-15T19:11:00Z;6887;6888.5;6888.5;6886;535;
02cfdf61-6298-4c0f-a9ca-9cabc82afaf3;2024-01-15T19:12:00Z;6887;6887;6887;6886.5;37;
02cfdf61-6298-4c0f-a9ca-9cabc82afaf3;2024-01-15T19:13:00Z;6886.5;6886;6887.5;6886;113;
02cfdf61-6298-4c0f-a9ca-9cabc82afaf3;2024-01-15T19:14:00Z;6885.5;6886;6887;6885.5;137;
02cfdf61-6298-4c0f-a9ca-9cabc82afaf3;2024-01-15T19:15:00Z;6886;6886.5;6886.5;6885.5;220;
02cfdf61-6298-4c0f-a9ca-9cabc82afaf3;2024-01-15T19:16:00Z;6885.5;6886.5;6886.5;6885.5;29;
02cfdf61-6298-4c0f-a9ca-9cabc82afaf3;2024-01-15T19:17:00Z;6885.5;6886;6886.5;6884.5;635;
02cfdf61-6298-4c0f-a9ca-9cabc82afaf3;2024-01-15T19:18:00Z;6886;6884.5;6886;6884.5;212;
02cfdf61-6298-4c0f-a9ca-9cabc82afaf3;2024-01-15T19:19:00Z;6884.5;6884.5;6884.5;6884;99;
02cfdf61-6298-4c0f-a9ca-9cabc82afaf3;2024-01-15T19:20:00Z;6885;6886;6886;6884.5;62;
02cfdf61-6298-4c0f-a9ca-9cabc82afaf3;2024-01-15T19:21:00Z;6886;6886.5;6886.5;6885;31;
02cfdf61-6298-4c0f-a9ca-9cabc82afaf3;2024-01-15T19:22:00Z;6886;6886;6886;6883.5;135;
02cfdf61-6298-4c0f-a9ca-9cabc82afaf3;2024-01-15T19:23:00Z;6885.5;6886;6886;6884;150;
02cfdf61-6298-4c0f-a9ca-9cabc82afaf3;2024-01-15T19:24:00Z;6886;6886;6886;6885;26;
02cfdf61-6298-4c0f-a9ca-9cabc82afaf3;2024-01-15T19:25:00Z;6885;6885;6886;6885;28;
02cfdf61-6298-4c0f-a9ca-9cabc82afaf3;2024-01-15T19:26:00Z;6885;6884.5;6885;6882.5;702;
02cfdf61-6298-4c0f-a9ca-9cabc82afaf3;2024-01-15T19:27:00Z;6883;6883.5;6884;6882.5;51;
02cfdf61-6298-4c0f-a9ca-9cabc82afaf3;2024-01-15T19:28:00Z;6883;6886;6886;6882;428;
02cfdf61-6298-4c0f-a9ca-9cabc82afaf3;2024-01-15T19:29:00Z;6886;6886.5;6886.5;6884.5;92;
02cfdf61-6298-4c0f-a9ca-9cabc82afaf3;2024-01-15T19:30:00Z;6886.5;6888;6888;6886.5;88;
02cfdf61-6298-4c0f-a9ca-9cabc82afaf3;2024-01-15T19:31:00Z;6887.5;6886.5;6888;6885;46;
02cfdf61-6298-4c0f-a9ca-9cabc82afaf3;2024-01-15T19:32:00Z;6885;6886.5;6887;6884;70;
02cfdf61-6298-4c0f-a9ca-9cabc82afaf3;2024-01-15T19:33:00Z;6886;6886;6886.5;6882.5;354;
02cfdf61-6298-4c0f-a9ca-9cabc82afaf3;2024-01-15T19:34:00Z;6882.5;6885;6885.5;6882;34;
02cfdf61-6298-4c0f-a9ca-9cabc82afaf3;2024-01-15T19:35:00Z;6882.5;6885.5;6886;6882.5;337;
02cfdf61-6298-4c0f-a9ca-9cabc82afaf3;2024-01-15T19:36:00Z;6885.5;6885.5;6885.5;6884;5;
02cfdf61-6298-4c0f-a9ca-9cabc82afaf3;2024-01-15T19:37:00Z;6883.5;6885;6885.5;6883.5;50;
02cfdf61-6298-4c0f-a9ca-9cabc82afaf3;2024-01-15T19:38:00Z;6885;6884.5;6885.5;6883.5;39;
02cfdf61-6298-4c0f-a9ca-9cabc82afaf3;2024-01-15T19:39:00Z;6883.5;6884;6884;6883;75;
02cfdf61-6298-4c0f-a9ca-9cabc82afaf3;2024-01-15T19:40:00Z;6884;6884;6885.5;6884;65;
02cfdf61-6298-4c0f-a9ca-9cabc82afaf3;2024-01-15T19:41:00Z;6885.5;6885.5;6886;6884;79;
02cfdf61-6298-4c0f-a9ca-9cabc82afaf3;2024-01-15T19:42:00Z;6884;6885;6886;6883;337;
02cfdf61-6298-4c0f-a9ca-9cabc82afaf3;2024-01-15T19:43:00Z;6883;6884.5;6884.5;6883;78;
02cfdf61-6298-4c0f-a9ca-9cabc82afaf3;2024-01-15T19:44:00Z;6884.5;6884.5;6884.5;6882.5;86;
02cfdf61-6298-4c0f-a9ca-9cabc82afaf3;2024-01-15T19:45:00Z;6884.5;6884;6884.5;6883.5;65;
02cfdf61-6298-4c0f-a9ca-9cabc82afaf3;2024-01-15T19:46:00Z;6883;6883;6884.5;6883;45;
02cfdf61-6298-4c0f-a9ca-9cabc82afaf3;2024-01-15T19:47:00Z;6884;6884.5;6884.5;6883;55;
02cfdf61-6298-4c0f-a9ca-9cabc82afaf3;2024-01-15T19:48:00Z;6884;6883;6884.5;6882.5;406;
02cfdf61-6298-4c0f-a9ca-9cabc82afaf3;2024-01-15T19:49:00Z;6883;6883.5;6883.5;6883;177;
02cfdf61-6298-4c0f-a9ca-9cabc82afaf3;2024-01-15T19:50:00Z;6883.5;6883.5;6883.5;6882.5;156;
02cfdf61-6298-4c0f-a9ca-9cabc82afaf3;2024-01-15T19:51:00Z;6883;6883;6883;6882.5;197;
02cfdf61-6298-4c0f-a9ca-9cabc82afaf3;2024-01-15T19:52:00Z;6883;6883;6883;6883;291;
02cfdf61-6298-4c0f-a9ca-9cabc82afaf3;2024-01-15T19:53:00Z;6883;6883.5;6883.5;6883;63;
02cfdf61-6298-4c0f-a9ca-9cabc82afaf3;2024-01-15T19:54:00Z;6883.5;6883.5;6883.5;6883;9;
02cfdf61-6298-4c0f-a9ca-9cabc82afaf3;2024-01-15T19:55:00Z;6883;6885;6885;6882.5;343;
02cfdf61-6298-4c0f-a9ca-9cabc82afaf3;2024-01-15T19:56:00Z;6884;6885;6885;6883.5;15;
02cfdf61-6298-4c0f-a9ca-9cabc82afaf3;2024-01-15T19:57:00Z;6885;6885;6885;6883.5;57;
02cfdf61-6298-4c0f-a9ca-9cabc82afaf3;2024-01-15T19:58:00Z;6884;6885;6885;6884;107;
02cfdf61-6298-4c0f-a9ca-9cabc82afaf3;2024-01-15T19:59:00Z;6885;6885;6885;6884.5;104;
02cfdf61-6298-4c0f-a9ca-9cabc82afaf3;2024-01-15T20:00:00Z;6884.5;6884;6884.5;6884;187;
02cfdf61-6298-4c0f-a9ca-9cabc82afaf3;2024-01-15T20:01:00Z;6883.5;6885.5;6886;6883.5;747;
02cfdf61-6298-4c0f-a9ca-9cabc82afaf3;2024-01-15T20:02:00Z;6885.5;6885;6885.5;6885;16;
02cfdf61-6298-4c0f-a9ca-9cabc82afaf3;2024-01-15T20:03:00Z;6885;6885.5;6885.5;6885;158;
02cfdf61-6298-4c0f-a9ca-9cabc82afaf3;2024-01-15T20:04:00Z;6885.5;6886;6886;6885.5;11;
02cfdf61-6298-4c0f-a9ca-9cabc82afaf3;2024-01-15T20:05:00Z;6885.5;6886;6886;6885;96;
02cfdf61-6298-4c0f-a9ca-9cabc82afaf3;2024-01-15T20:06:00Z;6886;6886;6886;6885;61;
02cfdf61-6298-4c0f-a9ca-9cabc82afaf3;2024-01-15T20:07:00Z;6886;6885.5;6886;6885.5;31;
02cfdf61-6298-4c0f-a9ca-9cabc82afaf3;2024-01-15T20:08:00Z;6886;6886;6886;6885.5;70;
02cfdf61-6298-4c0f-a9ca-9cabc82afaf3;2024-01-15T20:09:00Z;6886;6886;6886;6885.5;7;
02cfdf61-6298-4c0f-a9ca-9cabc82afaf3;2024-01-15T20:10:00Z;6885.5;6886;6886;6885;97;
02cfdf61-6298-4c0f-a9ca-9cabc82afaf3;2024-01-15T20:11:00Z;6886;6886;6886;6885;33;
02cfdf61-6298-4c0f-a9ca-9cabc82afaf3;2024-01-15T20:12:00Z;6885;6886;6886;6885;175;
02cfdf61-6298-4c0f-a9ca-9cabc82afaf3;2024-01-15T20:13:00Z;6886;6886;6886;6886;7;
02cfdf61-6298-4c0f-a9ca-9cabc82afaf3;2024-01-15T20:14:00Z;6886;6887.5;6887.5;6885.5;158;
02cfdf61-6298-4c0f-a9ca-9cabc82afaf3;2024-01-15T20:15:00Z;6886;6887.5;6887.5;6885.5;60;
02cfdf61-6298-4c0f-a9ca-9cabc82afaf3;2024-01-15T20:16:00Z;6886;6887.5;6887.5;6886;26;
02cfdf61-6298-4c0f-a9ca-9cabc82afaf3;2024-01-15T20:17:00Z;6886;6887.5;6887.5;6886;93;
02cfdf61-6298-4c0f-a9ca-9cabc82afaf3;2024-01-15T20:18:00Z;6888;6889;6889;6888;147;
02cfdf61-6298-4c0f-a9ca-9cabc82afaf3;2024-01-15T20:19:00Z;6888;6888.5;6888.5;6887.5;10;
02cfdf61-6298-4c0f-a9ca-9cabc82afaf3;2024-01-15T20:20:00Z;6888.5;6889.5;6889.5;6887.5;205;
02cfdf61-6298-4c0f-a9ca-9cabc82afaf3;2024-01-15T20:21:00Z;6889.5;6889.5;6889.5;6889;52;
02cfdf61-6298-4c0f-a9ca-9cabc82afaf3;2024-01-15T20:22:00Z;6889.5;6890;6890;6887;182;
02cfdf61-6298-4c0f-a9ca-9cabc82afaf3;2024-01-15T20:23:00Z;6889.5;6890;6890;6887.5;55;
02cfdf61-6298-4c0f-a9ca-9cabc82afaf3;2024-01-15T20:24:00Z;6890;6889.5;6890;6888;6;
02cfdf61-6298-4c0f-a9ca-9cabc82afaf3;2024-01-15T20:25:00Z;6888;6889.5;6889.5;6888;41;
02cfdf61-6298-4c0f-a9ca-9cabc82afaf3;2024-01-15T20:26:00Z;6889.5;6890.5;6890.5;6889.5;310;
02cfdf61-6298-4c0f-a9ca-9cabc82afaf3;2024-01-15T20:27:00Z;6890;6890;6890;6889;20;
02cfdf61-6298-4c0f-a9ca-9cabc82afaf3;2024-01-15T20:28:00Z;6889.5;6889.5;6889.5;6889.5;9;
02cfdf61-6298-4c0f-a9ca-9cabc82afaf3;2024-01-15T20:29:00Z;6889;6889.5;6889.5;6889;172;
02cfdf61-6298-4c0f-a9ca-9cabc82afaf3;2024-01-15T20:30:00Z;6889.5;6889;6889.5;6889;156;
02cfdf61-6298-4c0f-a9ca-9cabc82afaf3;2024-01-15T20:31:00Z;6889;6889.5;6889.5;6889;33;
02cfdf61-6298-4c0f-a9ca-9cabc82afaf3;2024-01-15T20:32:00Z;6889.5;6889.5;6889.5;6889;22;
02cfdf61-6298-4c0f-a9ca-9cabc82afaf3;2024-01-15T20:33:00Z;6889.5;6889;6889.5;6889;44;
02cfdf61-6298-4c0f-a9ca-9cabc82afaf3;2024-01-15T20:34:00Z;6889;6889;6889;6888.5;82;
02cfdf61-6298-4c0f-a9ca-9cabc82afaf3;2024-01-15T20:35:00Z;6889;6889;6889;6888;195;
02cfdf61-6298-4c0f-a9ca-9cabc82afaf3;2024-01-15T20:36:00Z;6888.5;6888.5;6888.5;6888.5;2;
02cfdf61-6298-4c0f-a9ca-9cabc82afaf3;2024-01-15T20:37:00Z;6888.5;6888.5;6888.5;6888.5;6;
02cfdf61-6298-4c0f-a9ca-9cabc82afaf3;2024-01-15T20:38:00Z;6888.5;6888.5;6888.5;6888;204;
02cfdf61-6298-4c0f-a9ca-9cabc82afaf3;2024-01-15T20:39:00Z;6888.5;6888.5;6888.5;6888.5;16;
02cfdf61-6298-4c0f-a9ca-9cabc82afaf3;2024-01-15T20:40:00Z;6888.5;6890.5;6890.5;6888;832;
02cfdf61-6298-4c0f-a9ca-9cabc82afaf3;2024-01-15T20:41:00Z;6890;6890.5;6890.5;6890;46;
02cfdf61-6298-4c0f-a9ca-9cabc82afaf3;2024-01-15T20:42:00Z;6890.5;6890.5;6890.5;6890;54;
02cfdf61-6298-4c0f-a9ca-9cabc82afaf3;2024-01-15T20:43:00Z;6890.5;6890.5;6890.5;6890;247;
02cfdf61-6298-4c0f-a9ca-9cabc82afaf3;2024-01-15T20:44:00Z;6890;6890.5;6891;6890;221;
02cfdf61-6298-4c0f-a9ca-9cabc82afaf3;2024-01-15T20:45:00Z;6890;6888.5;6890;6888;97;
02cfdf61-6298-4c0f-a9ca-9cabc82afaf3;2024-01-15T20:46:00Z;6888;6886;6890;6885.5;707;
02cfdf61-6298-4c0f-a9ca-9cabc82afaf3;2024-01-15T20:47:00Z;6889.5;6890;6891.5;6885;518;
02cfdf61-6298-4c0f-a9ca-9cabc82afaf3;2024-01-15T20:48:00Z;6889.5;6889.5;6889.5;6889.5;1;
02cfdf61-6298-4c0f-a9ca-9cabc82afaf3;2024-01-15T20:49:00Z;6889.5;6889.5;6889.5;6885;146;
