0da66728-6c30-44c4-9264-df8fac2467ee;2024-05-21T06:59:00Z;1195;1195;1195;1195;1763;
0da66728-6c30-44c4-9264-df8fac2467ee;2024-05-21T07:00:00Z;1195.2;1195.4;1199;1194.4;5662;
0da66728-6c30-44c4-9264-df8fac2467ee;2024-05-21T07:01:00Z;1195.2;1194.8;1195.4;1194;3673;
0da66728-6c30-44c4-9264-df8fac2467ee;2024-05-21T07:02:00Z;1194.8;1195.2;1195.2;1194.6;1981;
0da66728-6c30-44c4-9264-df8fac2467ee;2024-05-21T07:03:00Z;1195.2;1197;1197.2;1195.2;2842;
0da66728-6c30-44c4-9264-df8fac2467ee;2024-05-21T07:04:00Z;1197;1196.8;1197;1196.4;1321;
0da66728-6c30-44c4-9264-df8fac2467ee;2024-05-21T07:05:00Z;1196.8;1197.2;1197.4;1196.6;2663;
0da66728-6c30-44c4-9264-df8fac2467ee;2024-05-21T07:06:00Z;1197.2;1197;1197.4;1197;1778;
0da66728-6c30-44c4-9264-df8fac2467ee;2024-05-21T07:07:00Z;1197.2;1199.4;1199.6;1197.2;8579;
0da66728-6c30-44c4-9264-df8fac2467ee;2024-05-21T07:08:00Z;1199.2;1199.4;1200;1199;7537;
0da66728-6c30-44c4-9264-df8fac2467ee;2024-05-21T07:09:00Z;1199.8;1200;1200.2;1199.6;1605;
0da66728-6c30-44c4-9264-df8fac2467ee;2024-05-21T07:10:00Z;1199.8;1200.6;1200.6;1199.8;3850;
0da66728-6c30-44c4-9264-df8fac2467ee;2024-05-21T07:11:00Z;1200.6;1200.8;1200.8;1200.2;2277;
0da66728-6c30-44c4-9264-df8fac2467ee;2024-05-21T07:12:00Z;1200.6;1200.6;1200.6;1200;1664;
0da66728-6c30-44c4-9264-df8fac2467ee;2024-05-21T07:13:00Z;1200.6;1200.8;1200.8;1200;833;
0da66728-6c30-44c4-9264-df8fac2467ee;2024-05-21T07:14:00Z;1200.6;1200.6;1200.8;1200.4;1408;
0da66728-6c30-44c4-9264-df8fac2467ee;2024-05-21T07:15:00Z;1200.6;1200.6;1200.6;1200.4;1815;
0da66728-6c30-44c4-9264-df8fac2467ee;2024-05-21T07:16:00Z;1200.4;1200.4;1200.8;1200.4;1314;
0da66728-6c30-44c4-9264-df8fac2467ee;2024-05-21T07:17:00Z;1200.6;1200.6;1200.6;1200.4;936;
0da66728-6c30-44c4-9264-df8fac2467ee;2024-05-21T07:18:00Z;1200.4;1201;1201.4;1200.4;1977;
0da66728-6c30-44c4-9264-df8fac2467ee;2024-05-21T07:19:00Z;1201;1201;1202;1200.4;8506;
0da66728-6c30-44c4-9264-df8fac2467ee;2024-05-21T07:20:00Z;1200.8;1201.6;1202;1200.8;618;
0da66728-6c30-44c4-9264-df8fac2467ee;2024-05-21T07:21:00Z;1201.8;1200.4;1202.2;1200;4953;
0da66728-6c30-44c4-9264-df8fac2467ee;2024-05-21T07:22:00Z;1200.4;1198.4;1200.6;1198.2;7037;
0da66728-6c30-44c4-9264-df8fac2467ee;2024-05-21T07:23:00Z;1198.6;1199;1199;1198.4;1090;
0da66728-6c30-44c4-9264-df8fac2467ee;2024-05-21T07:24:00Z;1199;1199;1199;1198.4;1304;
0da66728-6c30-44c4-9264-df8fac2467ee;2024-05-21T07:25:00Z;1198.8;1198.4;1198.8;1198;2795;
0da66728-6c30-44c4-9264-df8fac2467ee;2024-05-21T07:26:00Z;1198.4;1199;1199;1198;1625;
0da66728-6c30-44c4-9264-df8fac2467ee;2024-05-21T07:27:00Z;1198.4;1198.6;1199;1198.2;324;
0da66728-6c30-44c4-9264-df8fac2467ee;2024-05-21T07:28:00Z;1198.6;1198.8;1198.8;1198.2;422;
0da66728-6c30-44c4-9264-df8fac2467ee;2024-05-21T07:29:00Z;1198.8;1198.2;1198.8;1198.2;351;
0da66728-6c30-44c4-9264-df8fac2467ee;2024-05-21T07:30:00Z;1198.2;1198;1198.4;1198;10929;
0da66728-6c30-44c4-9264-df8fac2467ee;2024-05-21T07:31:00Z;1198;1198;1198.2;1198;1452;
0da66728-6c30-44c4-9264-df8fac2467ee;2024-05-21T07:32:00Z;1198;1198.2;1198.2;1198;1032;
0da66728-6c30-44c4-9264-df8fac2467ee;2024-05-21T07:33:00Z;1198.2;1198.2;1198.4;1198;1687;
0da66728-6c30-44c4-9264-df8fac2467ee;2024-05-21T07:34:00Z;1198;1198.2;1198.2;1198;660;
0da66728-6c30-44c4-9264-df8fac2467ee;2024-05-21T07:35:00Z;1198.2;1198.2;1198.2;1198;970;
0da66728-6c30-44c4-9264-df8fac2467ee;2024-05-21T07:36:00Z;1198;1198;1198.2;1198;1835;
0da66728-6c30-44c4-9264-df8fac2467ee;2024-05-21T07:37:00Z;1198.2;1198.2;1198.2;1198;2007;
0da66728-6c30-44c4-9264-df8fac2467ee;2024-05-21T07:38:00Z;1198.2;1198.2;1198.2;1198;1399;
0da66728-6c30-44c4-9264-df8fac2467ee;2024-05-21T07:39:00Z;1198.2;1198.2;1198.2;1198;498;
0da66728-6c30-44c4-9264-df8fac2467ee;2024-05-21T07:40:00Z;1198;1198;1198.2;1198;1424;
0da66728-6c30-44c4-9264-df8fac2467ee;2024-05-21T07:41:00Z;1198;1198;1198.2;1198;1850;
0da66728-6c30-44c4-9264-df8fac2467ee;2024-05-21T07:42:00Z;1198;1195;1198;1194.2;11106;
0da66728-6c30-44c4-9264-df8fac2467ee;2024-05-21T07:43:00Z;1195.2;1195.4;1195.8;1195;1548;
0da66728-6c30-44c4-9264-df8fac2467ee;2024-05-21T07:44:00Z;1195.8;1195.6;1195.8;1195.4;2555;
0da66728-6c30-44c4-9264-df8fac2467ee;2024-05-21T07:45:00Z;1195.8;1195.4;1195.8;1195.2;845;
0da66728-6c30-44c4-9264-df8fac2467ee;2024-05-21T07:46:00Z;1195.2;1187.2;1195.2;1186.4;39430;
0da66728-6c30-44c4-9264-df8fac2467ee;2024-05-21T07:47:00Z;1187.2;1185.2;1188;1183.2;19943;
0da66728-6c30-44c4-9264-df8fac2467ee;2024-05-21T07:48:00Z;1185;1185.2;1185.4;1183.4;6611;
0da66728-6c30-44c4-9264-df8fac2467ee;2024-05-21T07:49:00Z;1185.2;1185.2;1185.4;1185;9634;
0da66728-6c30-44c4-9264-df8fac2467ee;2024-05-21T07:50:00Z;1185.2;1186.2;1186.6;1185;3322;
0da66728-6c30-44c4-9264-df8fac2467ee;2024-05-21T07:51:00Z;1186.6;1185.2;1186.8;1185;6911;
0da66728-6c30-44c4-9264-df8fac2467ee;2024-05-21T07:52:00Z;1185.4;1185.4;1185.4;1185;8672;
0da66728-6c30-44c4-9264-df8fac2467ee;2024-05-21T07:53:00Z;1185.4;1185.6;1185.8;1185;8943;
0da66728-6c30-44c4-9264-df8fac2467ee;2024-05-21T07:54:00Z;1185.8;1186.6;1186.6;1185.4;2831;
0da66728-6c30-44c4-9264-df8fac2467ee;2024-05-21T07:55:00Z;1186.8;1187.6;1187.6;1185.8;6097;
0da66728-6c30-44c4-9264-df8fac2467ee;2024-05-21T07:56:00Z;1187.2;1187.6;1188.2;1186.6;2655;
0da66728-6c30-44c4-9264-df8fac2467ee;2024-05-21T07:57:00Z;1187.6;1187.6;1188.4;1187.4;5553;
0da66728-6c30-44c4-9264-df8fac2467ee;2024-05-21T07:58:00Z;1187.8;1186.4;1187.8;1186;9770;
0da66728-6c30-44c4-9264-df8fac2467ee;2024-05-21T07:59:00Z;1186.4;1186.4;1186.4;1186;3066;
0da66728-6c30-44c4-9264-df8fac2467ee;2024-05-21T08:00:00Z;1186.2;1185.4;1186.4;1185.2;3991;
0da66728-6c30-44c4-9264-df8fac2467ee;2024-05-21T08:01:00Z;1185.4;1182.2;1185.4;1181.2;13284;
0da66728-6c30-44c4-9264-df8fac2467ee;2024-05-21T08:02:00Z;1181.8;1182.2;1182.8;1175;57341;
0da66728-6c30-44c4-9264-df8fac2467ee;2024-05-21T08:03:00Z;1182.2;1183.8;1183.8;1182;20358;
0da66728-6c30-44c4-9264-df8fac2467ee;2024-05-21T08:04:00Z;1183.4;1184.8;1185;1183.2;2206;
0da66728-6c30-44c4-9264-df8fac2467ee;2024-05-21T08:05:00Z;1184.8;1187.6;1187.6;1184.6;4853;
0da66728-6c30-44c4-9264-df8fac2467ee;2024-05-21T08:06:00Z;1187.6;1187;1187.6;1186.8;2186;
0da66728-6c30-44c4-9264-df8fac2467ee;2024-05-21T08:07:00Z;1187;1185.8;1187;1185.6;2335;
0da66728-6c30-44c4-9264-df8fac2467ee;2024-05-21T08:08:00Z;1185.6;1185.6;1185.8;1185;2148;
0da66728-6c30-44c4-9264-df8fac2467ee;2024-05-21T08:09:00Z;1185.6;1185.6;1185.6;1185.4;1407;
0da66728-6c30-44c4-9264-df8fac2467ee;2024-05-21T08:10:00Z;1185.4;1185.6;1185.6;1185.4;3930;
0da66728-6c30-44c4-9264-df8fac2467ee;2024-05-21T08:11:00Z;1185.4;1186.8;1186.8;1185.4;4685;
0da66728-6c30-44c4-9264-df8fac2467ee;2024-05-21T08:12:00Z;1186.6;1186.4;1187;1186.4;2047;
0da66728-6c30-44c4-9264-df8fac2467ee;2024-05-21T08:13:00Z;1186.6;1186.4;1186.6;1185.2;5397;
0da66728-6c30-44c4-9264-df8fac2467ee;2024-05-21T08:14:00Z;1186.4;1185.6;1186.4;1185.2;2247;
0da66728-6c30-44c4-9264-df8fac2467ee;2024-05-21T08:15:00Z;1185.4;1185.4;1185.8;1185.2;1616;
0da66728-6c30-44c4-9264-df8fac2467ee;2024-05-21T08:16:00Z;1185.4;1182.8;1185.4;1182.4;11117;
0da66728-6c30-44c4-9264-df8fac2467ee;2024-05-21T08:17:00Z;1182.8;1182.8;1183;1182.6;3378;
0da66728-6c30-44c4-9264-df8fac2467ee;2024-05-21T08:18:00Z;1182.8;1182;1182.8;1182;5978;
0da66728-6c30-44c4-9264-df8fac2467ee;2024-05-21T08:19:00Z;1182;1182;1182.2;1182;7728;
0da66728-6c30-44c4-9264-df8fac2467ee;2024-05-21T08:20:00Z;1182;1182;1182;1181;5756;
0da66728-6c30-44c4-9264-df8fac2467ee;2024-05-21T08:21:00Z;1181.8;1181.6;1182.4;1180.8;5609;
0da66728-6c30-44c4-9264-df8fac2467ee;2024-05-21T08:22:00Z;1182;1183.2;1183.2;1181.6;1226;
0da66728-6c30-44c4-9264-df8fac2467ee;2024-05-21T08:23:00Z;1183.2;1183.2;1183.6;1182.6;1795;
0da66728-6c30-44c4-9264-df8fac2467ee;2024-05-21T08:24:00Z;1183.2;1182.4;1183.4;1182.2;1364;
0da66728-6c30-44c4-9264-df8fac2467ee;2024-05-21T08:25:00Z;1182.2;1182;1182.4;1182;1536;
0da66728-6c30-44c4-9264-df8fac2467ee;2024-05-21T08:26:00Z;1182.2;1181.6;1182.2;1181.4;1212;
0da66728-6c30-44c4-9264-df8fac2467ee;2024-05-21T08:27:00Z;1181.4;1181;1181.4;1180.8;1360;
0da66728-6c30-44c4-9264-df8fac2467ee;2024-05-21T08:28:00Z;1180.6;1179.6;1181;1179;8211;
0da66728-6c30-44c4-9264-df8fac2467ee;2024-05-21T08:29:00Z;1179.6;1178.2;1179.6;1178;6649;
0da66728-6c30-44c4-9264-df8fac2467ee;2024-05-21T08:30:00Z;1178.2;1178.2;1178.4;1178;4470;
0da66728-6c30-44c4-9264-df8fac2467ee;2024-05-21T08:31:00Z;1178.2;1178.2;1178.4;1178;8458;
0da66728-6c30-44c4-9264-df8fac2467ee;2024-05-21T08:32:00Z;1178.2;1178;1178.2;1178;6709;
0da66728-6c30-44c4-9264-df8fac2467ee;2024-05-21T08:33:00Z;1178.2;1178.2;1178.4;1178;1553;
0da66728-6c30-44c4-9264-df8fac2467ee;2024-05-21T08:34:00Z;1178.2;1178.2;1178.2;1178;7824;
0da66728-6c30-44c4-9264-df8fac2467ee;2024-05-21T08:35:00Z;1178.2;1178.2;1178.2;1178;1682;
0da66728-6c30-44c4-9264-df8fac2467ee;2024-05-21T08:36:00Z;1178.2;1178.2;1178.4;1178;1667;
0da66728-6c30-44c4-9264-df8fac2467ee;2024-05-21T08:37:00Z;1178.2;1178.2;1178.2;1178;2748;
0da66728-6c30-44c4-9264-df8fac2467ee;2024-05-21T08:38:00Z;1178;1178.2;1178.2;1178;5237;
0da66728-6c30-44c4-9264-df8fac2467ee;2024-05-21T08:39:00Z;1178.2;1178;1178.2;1178;1792;
0da66728-6c30-44c4-9264-df8fac2467ee;2024-05-21T08:40:00Z;1178;1178.2;1178.4;1178;1418;
0da66728-6c30-44c4-9264-df8fac2467ee;2024-05-21T08:41:00Z;1178.2;1177.6;1179.4;1177;10208;
0da66728-6c30-44c4-9264-df8fac2467ee;2024-05-21T08:42:00Z;1177.4;1177.4;1177.8;1176.8;3415;
0da66728-6c30-44c4-9264-df8fac2467ee;2024-05-21T08:43:00Z;1177.4;1177.4;1178.2;1177;4205;
0da66728-6c30-44c4-9264-df8fac2467ee;2024-05-21T08:44:00Z;1177.4;1180;1180.4;1176.4;10658;
0da66728-6c30-44c4-9264-df8fac2467ee;2024-05-21T08:45:00Z;1180;1179.8;1180;1179.4;827;
0da66728-6c30-44c4-9264-df8fac2467ee;2024-05-21T08:46:00Z;1180;1179.8;1180;1179;2010;
0da66728-6c30-44c4-9264-df8fac2467ee;2024-05-21T08:47:00Z;1179.6;1181;1181;1179.6;3879;
0da66728-6c30-44c4-9264-df8fac2467ee;2024-05-21T08:48:00Z;1181.2;1182.4;1182.4;1181.2;2292;
0da66728-6c30-44c4-9264-df8fac2467ee;2024-05-21T08:49:00Z;1182.4;1182.4;1182.8;1182.4;1945;
0da66728-6c30-44c4-9264-df8fac2467ee;2024-05-21T08:50:00Z;1182.6;1182.6;1182.8;1182.4;4321;
0da66728-6c30-44c4-9264-df8fac2467ee;2024-05-21T08:51:00Z;1182.4;1183.6;1183.6;1182.4;1143;
0da66728-6c30-44c4-9264-df8fac2467ee;2024-05-21T08:52:00Z;1183.4;1182.4;1183.4;1182.4;1189;
0da66728-6c30-44c4-9264-df8fac2467ee;2024-05-21T08:53:00Z;1182.8;1182;1182.8;1181.2;696;
0da66728-6c30-44c4-9264-df8fac2467ee;2024-05-21T08:54:00Z;1181.8;1182;1182;1181.4;954;
0da66728-6c30-44c4-9264-df8fac2467ee;2024-05-21T08:55:00Z;1181.6;1181.8;1182;1181.4;1897;
0da66728-6c30-44c4-9264-df8fac2467ee;2024-05-21T08:56:00Z;1181.6;1181.2;1181.8;1181.2;934;
0da66728-6c30-44c4-9264-df8fac2467ee;2024-05-21T08:57:00Z;1181.4;1181.2;1181.4;1181;2816;
0da66728-6c30-44c4-9264-df8fac2467ee;2024-05-21T08:58:00Z;1181.2;1180.4;1181.2;1180;1314;
0da66728-6c30-44c4-9264-df8fac2467ee;2024-05-21T08:59:00Z;1180.4;1180.4;1180.6;1179.4;3855;
0da66728-6c30-44c4-9264-df8fac2467ee;2024-05-21T09:00:00Z;1180.2;1179;1180.2;1178.8;2621;
0da66728-6c30-44c4-9264-df8fac2467ee;2024-05-21T09:01:00Z;1179.2;1178.6;1179.2;1178.4;494;
0da66728-6c30-44c4-9264-df8fac2467ee;2024-05-21T09:02:00Z;1178.6;1177.8;1178.6;1177.6;2708;
0da66728-6c30-44c4-9264-df8fac2467ee;2024-05-21T09:03:00Z;1178;1178;1178;1176.8;4462;
0da66728-6c30-44c4-9264-df8fac2467ee;2024-05-21T09:04:00Z;1178;1178;1178;1177.8;1098;
0da66728-6c30-44c4-9264-df8fac2467ee;2024-05-21T09:05:00Z;1177.8;1178;1178;1177.8;937;
0da66728-6c30-44c4-9264-df8fac2467ee;2024-05-21T09:06:00Z;1178;1177.8;1178;1177.8;1368;
0da66728-6c30-44c4-9264-df8fac2467ee;2024-05-21T09:07:00Z;1177.8;1178;1178.4;1177.6;2304;
0da66728-6c30-44c4-9264-df8fac2467ee;2024-05-21T09:08:00Z;1178;1178.4;1178.4;1178;703;
0da66728-6c30-44c4-9264-df8fac2467ee;2024-05-21T09:09:00Z;1178.2;1178.4;1178.6;1178;744;
0da66728-6c30-44c4-9264-df8fac2467ee;2024-05-21T09:10:00Z;1178.4;1177.2;1178.4;1177;4444;
0da66728-6c30-44c4-9264-df8fac2467ee;2024-05-21T09:11:00Z;1177.6;1177.6;1178.2;1177;1752;
0da66728-6c30-44c4-9264-df8fac2467ee;2024-05-21T09:12:00Z;1177.8;1177.4;1177.8;1177.2;1093;
0da66728-6c30-44c4-9264-df8fac2467ee;2024-05-21T09:13:00Z;1177.6;1176;1177.6;1175.6;8814;
0da66728-6c30-44c4-9264-df8fac2467ee;2024-05-21T09:14:00Z;1175.8;1176.8;1177.2;1175.8;2771;
0da66728-6c30-44c4-9264-df8fac2467ee;2024-05-21T09:15:00Z;1176.2;1175.8;1176.8;1175;16412;
0da66728-6c30-44c4-9264-df8fac2467ee;2024-05-21T09:16:00Z;1175.6;1176;1176;1175.2;1406;
0da66728-6c30-44c4-9264-df8fac2467ee;2024-05-21T09:17:00Z;1176;1176.2;1176.2;1175.8;1141;
0da66728-6c30-44c4-9264-df8fac2467ee;2024-05-21T09:18:00Z;1176.2;1177.8;1177.8;1176;2953;
0da66728-6c30-44c4-9264-df8fac2467ee;2024-05-21T09:19:00Z;1177.8;1177.4;1177.8;1177;701;
0da66728-6c30-44c4-9264-df8fac2467ee;2024-05-21T09:20:00Z;1177.4;1178;1178;1177;3293;
0da66728-6c30-44c4-9264-df8fac2467ee;2024-05-21T09:21:00Z;1178.2;1178.8;1178.8;1178;2692;
0da66728-6c30-44c4-9264-df8fac2467ee;2024-05-21T09:22:00Z;1178.8;1178.2;1178.8;1178;4709;
0da66728-6c30-44c4-9264-df8fac2467ee;2024-05-21T09:23:00Z;1178.2;1178.2;1178.2;1178;749;
0da66728-6c30-44c4-9264-df8fac2467ee;2024-05-21T09:24:00Z;1178.2;1177.8;1178.4;1177.6;1547;
0da66728-6c30-44c4-9264-df8fac2467ee;2024-05-21T09:25:00Z;1177.8;1178;1178;1177.4;696;
0da66728-6c30-44c4-9264-df8fac2467ee;2024-05-21T09:26:00Z;1177.6;1177.8;1178;1177.6;988;
0da66728-6c30-44c4-9264-df8fac2467ee;2024-05-21T09:27:00Z;1177.8;1178;1178;1177.8;685;
0da66728-6c30-44c4-9264-df8fac2467ee;2024-05-21T09:28:00Z;1178;1178.2;1178.6;1177.8;891;
0da66728-6c30-44c4-9264-df8fac2467ee;2024-05-21T09:29:00Z;1178.2;1178.2;1178.8;1178;1371;
0da66728-6c30-44c4-9264-df8fac2467ee;2024-05-21T09:30:00Z;1178.2;1177.4;1178.4;1177;3069;
0da66728-6c30-44c4-9264-df8fac2467ee;2024-05-21T09:31:00Z;1177.2;1177.4;1177.6;1177.2;447;
0da66728-6c30-44c4-9264-df8fac2467ee;2024-05-21T09:32:00Z;1177.2;1177.2;1177.4;1177;972;
0da66728-6c30-44c4-9264-df8fac2467ee;2024-05-21T09:33:00Z;1177.2;1177.2;1177.2;1177;621;
0da66728-6c30-44c4-9264-df8fac2467ee;2024-05-21T09:34:00Z;1177.2;1178;1178;1176;16369;
0da66728-6c30-44c4-9264-df8fac2467ee;2024-05-21T09:35:00Z;1178.2;1178;1178.6;1177.4;2132;
0da66728-6c30-44c4-9264-df8fac2467ee;2024-05-21T09:36:00Z;1178;1177.6;1178.2;1177.2;2464;
0da66728-6c30-44c4-9264-df8fac2467ee;2024-05-21T09:37:00Z;1177.6;1177.2;1177.6;1177;388;
0da66728-6c30-44c4-9264-df8fac2467ee;2024-05-21T09:38:00Z;1177.2;1177.2;1177.2;1177;626;
0da66728-6c30-44c4-9264-df8fac2467ee;2024-05-21T09:39:00Z;1177.2;1177;1177.2;1177;1473;
0da66728-6c30-44c4-9264-df8fac2467ee;2024-05-21T09:40:00Z;1177;1176.8;1177.2;1176.4;2516;
0da66728-6c30-44c4-9264-df8fac2467ee;2024-05-21T09:41:00Z;1176.8;1176.8;1177;1176.4;414;
0da66728-6c30-44c4-9264-df8fac2467ee;2024-05-21T09:42:00Z;1176.8;1176.8;1177;1176.4;1749;
0da66728-6c30-44c4-9264-df8fac2467ee;2024-05-21T09:43:00Z;1176.8;1177;1177;1176.6;593;
0da66728-6c30-44c4-9264-df8fac2467ee;2024-05-21T09:44:00Z;1176.8;1177;1177;1176.6;789;
0da66728-6c30-44c4-9264-df8fac2467ee;2024-05-21T09:45:00Z;1177;1177;1177;1176.6;439;
0da66728-6c30-44c4-9264-df8fac2467ee;2024-05-21T09:46:00Z;1177;1176.6;1177;1176.6;849;
0da66728-6c30-44c4-9264-df8fac2467ee;2024-05-21T09:47:00Z;1176.8;1176.6;1177;1176.4;933;
0da66728-6c30-44c4-9264-df8fac2467ee;2024-05-21T09:48:00Z;1176.4;1176.4;1176.6;1176;1347;
0da66728-6c30-44c4-9264-df8fac2467ee;2024-05-21T09:49:00Z;1176.4;1176.2;1176.4;1176.2;408;
0da66728-6c30-44c4-9264-df8fac2467ee;2024-05-21T09:50:00Z;1176.4;1176.2;1176.6;1176;2954;
0da66728-6c30-44c4-9264-df8fac2467ee;2024-05-21T09:51:00Z;1176.2;1176.2;1176.4;1176;3955;
0da66728-6c30-44c4-9264-df8fac2467ee;2024-05-21T09:52:00Z;1176.4;1176.6;1176.6;1176.4;1012;
0da66728-6c30-44c4-9264-df8fac2467ee;2024-05-21T09:53:00Z;1176.6;1177;1177;1176.6;3439;
0da66728-6c30-44c4-9264-df8fac2467ee;2024-05-21T09:54:00Z;1177;1178.4;1178.4;1177;5071;
0da66728-6c30-44c4-9264-df8fac2467ee;2024-05-21T09:55:00Z;1178.4;1180.6;1180.6;1177.8;5520;
0da66728-6c30-44c4-9264-df8fac2467ee;2024-05-21T09:56:00Z;1180.2;1180.2;1181.4;1180.2;4806;
0da66728-6c30-44c4-9264-df8fac2467ee;2024-05-21T09:57:00Z;1180.6;1181;1181.2;1180.2;1279;
0da66728-6c30-44c4-9264-df8fac2467ee;2024-05-21T09:58:00Z;1181;1180.4;1181;1180.4;1730;
0da66728-6c30-44c4-9264-df8fac2467ee;2024-05-21T09:59:00Z;1180.8;1179.8;1181;1179.2;7376;
0da66728-6c30-44c4-9264-df8fac2467ee;2024-05-21T10:00:00Z;1179.8;1181;1181;1179.6;7501;
0da66728-6c30-44c4-9264-df8fac2467ee;2024-05-21T10:01:00Z;1181;1180.6;1181.2;1180.2;1952;
0da66728-6c30-44c4-9264-df8fac2467ee;2024-05-21T10:02:00Z;1180.2;1180;1181;1180;1805;
0da66728-6c30-44c4-9264-df8fac2467ee;2024-05-21T10:03:00Z;1180;1180.2;1180.4;1180;2902;
0da66728-6c30-44c4-9264-df8fac2467ee;2024-05-21T10:04:00Z;1180;1179;1180;1178.8;2234;
0da66728-6c30-44c4-9264-df8fac2467ee;2024-05-21T10:05:00Z;1179;1179.6;1180;1178.6;12137;
0da66728-6c30-44c4-9264-df8fac2467ee;2024-05-21T10:06:00Z;1179.8;1180.4;1180.4;1179.6;2265;
0da66728-6c30-44c4-9264-df8fac2467ee;2024-05-21T10:07:00Z;1180.4;1180.4;1180.4;1180.2;1390;
0da66728-6c30-44c4-9264-df8fac2467ee;2024-05-21T10:08:00Z;1180.2;1180;1180.4;1180;3193;
0da66728-6c30-44c4-9264-df8fac2467ee;2024-05-21T10:09:00Z;1180;1179.2;1180.2;1179;1145;
0da66728-6c30-44c4-9264-df8fac2467ee;2024-05-21T10:10:00Z;1179.6;1179.4;1180;1179;1500;
0da66728-6c30-44c4-9264-df8fac2467ee;2024-05-21T10:11:00Z;1179.6;1180;1180.2;1179.2;880;
0da66728-6c30-44c4-9264-df8fac2467ee;2024-05-21T10:12:00Z;1179.8;1179.8;1180;1179;802;
0da66728-6c30-44c4-9264-df8fac2467ee;2024-05-21T10:13:00Z;1179.6;1179.6;1179.6;1179;630;
0da66728-6c30-44c4-9264-df8fac2467ee;2024-05-21T10:14:00Z;1179.6;1179;1179.6;1178.8;553;
0da66728-6c30-44c4-9264-df8fac2467ee;2024-05-21T10:15:00Z;1179;1178.8;1179;1178.4;998;
0da66728-6c30-44c4-9264-df8fac2467ee;2024-05-21T10:16:00Z;1178.4;1179;1179;1178.2;1052;
0da66728-6c30-44c4-9264-df8fac2467ee;2024-05-21T10:17:00Z;1179;1178.8;1179.2;1178.6;575;
0da66728-6c30-44c4-9264-df8fac2467ee;2024-05-21T10:18:00Z;1179.2;1178.8;1179.2;1178.8;566;
0da66728-6c30-44c4-9264-df8fac2467ee;2024-05-21T10:19:00Z;1179.2;1179.4;1179.6;1179;660;
0da66728-6c30-44c4-9264-df8fac2467ee;2024-05-21T10:20:00Z;1179;1179.4;1179.4;1179;516;
0da66728-6c30-44c4-9264-df8fac2467ee;2024-05-21T10:21:00Z;1179.4;1179.2;1179.4;1179.2;1398;
0da66728-6c30-44c4-9264-df8fac2467ee;2024-05-21T10:22:00Z;1179.2;1179.4;1179.4;1179.2;909;
0da66728-6c30-44c4-9264-df8fac2467ee;2024-05-21T10:23:00Z;1179.4;1179.4;1179.6;1179;1477;
0da66728-6c30-44c4-9264-df8fac2467ee;2024-05-21T10:24:00Z;1179.6;1178.4;1179.6;1178.4;1327;
0da66728-6c30-44c4-9264-df8fac2467ee;2024-05-21T10:25:00Z;1178.6;1179.2;1179.4;1178.4;710;
0da66728-6c30-44c4-9264-df8fac2467ee;2024-05-21T10:26:00Z;1178.8;1178.2;1179;1178.2;779;
0da66728-6c30-44c4-9264-df8fac2467ee;2024-05-21T10:27:00Z;1178.2;1178.4;1178.6;1178.2;1228;
0da66728-6c30-44c4-9264-df8fac2467ee;2024-05-21T10:28:00Z;1178.4;1177.4;1178.4;1177;4068;
0da66728-6c30-44c4-9264-df8fac2467ee;2024-05-21T10:29:00Z;1177.2;1177.8;1178;1177;1179;
0da66728-6c30-44c4-9264-df8fac2467ee;2024-05-21T10:30:00Z;1177.8;1177.6;1177.8;1177.4;590;
0da66728-6c30-44c4-9264-df8fac2467ee;2024-05-21T10:31:00Z;1177.8;1178.4;1178.4;1177.4;1036;
0da66728-6c30-44c4-9264-df8fac2467ee;2024-05-21T10:32:00Z;1178.2;1177.8;1178.4;1177.2;702;
0da66728-6c30-44c4-9264-df8fac2467ee;2024-05-21T10:33:00Z;1177.8;1177.6;1178;1177.2;1221;
0da66728-6c30-44c4-9264-df8fac2467ee;2024-05-21T10:34:00Z;1177.4;1177.4;1177.6;1177.2;1377;
0da66728-6c30-44c4-9264-df8fac2467ee;2024-05-21T10:35:00Z;1177.4;1177.2;1177.4;1177;1139;
0da66728-6c30-44c4-9264-df8fac2467ee;2024-05-21T10:36:00Z;1177.2;1177.6;1177.6;1177;1119;
0da66728-6c30-44c4-9264-df8fac2467ee;2024-05-21T10:37:00Z;1177.6;1178;1178.2;1177.4;1101;
0da66728-6c30-44c4-9264-df8fac2467ee;2024-05-21T10:38:00Z;1178;1177.8;1178.2;1177.6;1936;
0da66728-6c30-44c4-9264-df8fac2467ee;2024-05-21T10:39:00Z;1177.8;1177.2;1177.8;1177;1059;
0da66728-6c30-44c4-9264-df8fac2467ee;2024-05-21T10:40:00Z;1177.2;1177.2;1177.2;1177;875;
0da66728-6c30-44c4-9264-df8fac2467ee;2024-05-21T10:41:00Z;1177.2;1177.2;1177.6;1177;2326;
0da66728-6c30-44c4-9264-df8fac2467ee;2024-05-21T10:42:00Z;1177.6;1177.2;1177.6;1177;4776;
0da66728-6c30-44c4-9264-df8fac2467ee;2024-05-21T10:43:00Z;1177.2;1177;1177.2;1177;9897;
0da66728-6c30-44c4-9264-df8fac2467ee;2024-05-21T10:44:00Z;1177;1177;1177.2;1177;1809;
0da66728-6c30-44c4-9264-df8fac2467ee;2024-05-21T10:45:00Z;1177.2;1177.2;1177.2;1177;1686;
0da66728-6c30-44c4-9264-df8fac2467ee;2024-05-21T10:46:00Z;1177.2;1177.4;1177.4;1177;2118;
0da66728-6c30-44c4-9264-df8fac2467ee;2024-05-21T10:47:00Z;1177.4;1177.2;1177.8;1177;1677;
0da66728-6c30-44c4-9264-df8fac2467ee;2024-05-21T10:48:00Z;1177.2;1177.2;1177.6;1177;416;
0da66728-6c30-44c4-9264-df8fac2467ee;2024-05-21T10:49:00Z;1177.4;1177.8;1178;1177.2;970;
0da66728-6c30-44c4-9264-df8fac2467ee;2024-05-21T10:50:00Z;1178;1177.8;1178.4;1177.8;699;
0da66728-6c30-44c4-9264-df8fac2467ee;2024-05-21T10:51:00Z;1178.4;1178.6;1178.6;1177.8;1133;
0da66728-6c30-44c4-9264-df8fac2467ee;2024-05-21T10:52:00Z;1178.6;1179;1179.4;1178.2;3025;
0da66728-6c30-44c4-9264-df8fac2467ee;2024-05-21T10:53:00Z;1179;1178.8;1179.2;1178.6;1480;
0da66728-6c30-44c4-9264-df8fac2467ee;2024-05-21T10:54:00Z;1178.8;1177.8;1179;1177.6;1540;
0da66728-6c30-44c4-9264-df8fac2467ee;2024-05-21T10:55:00Z;1177.6;1177.8;1178.4;1177.4;999;
0da66728-6c30-44c4-9264-df8fac2467ee;2024-05-21T10:56:00Z;1177.8;1177.8;1178.6;1177.4;732;
0da66728-6c30-44c4-9264-df8fac2467ee;2024-05-21T10:57:00Z;1177.8;1178.4;1178.6;1177.6;1096;
0da66728-6c30-44c4-9264-df8fac2467ee;2024-05-21T10:58:00Z;1178.2;1179;1179;1178;2843;
0da66728-6c30-44c4-9264-df8fac2467ee;2024-05-21T10:59:00Z;1178.8;1181;1181.2;1178.6;11412;
0da66728-6c30-44c4-9264-df8fac2467ee;2024-05-21T11:00:00Z;1181.2;1180.6;1181.2;1180.4;697;
0da66728-6c30-44c4-9264-df8fac2467ee;2024-05-21T11:01:00Z;1180.4;1179.4;1180.6;1179;1966;
0da66728-6c30-44c4-9264-df8fac2467ee;2024-05-21T11:02:00Z;1179.4;1179.4;1179.4;1179;732;
0da66728-6c30-44c4-9264-df8fac2467ee;2024-05-21T11:03:00Z;1179;1179.2;1179.6;1179;1601;
0da66728-6c30-44c4-9264-df8fac2467ee;2024-05-21T11:04:00Z;1179.2;1179.2;1179.2;1179;942;
0da66728-6c30-44c4-9264-df8fac2467ee;2024-05-21T11:05:00Z;1179.2;1180;1180;1179;2907;
0da66728-6c30-44c4-9264-df8fac2467ee;2024-05-21T11:06:00Z;1179.8;1179.2;1180;1179;785;
0da66728-6c30-44c4-9264-df8fac2467ee;2024-05-21T11:07:00Z;1179.2;1179;1179.6;1179;946;
0da66728-6c30-44c4-9264-df8fac2467ee;2024-05-21T11:08:00Z;1179;1179.2;1179.2;1179;806;
0da66728-6c30-44c4-9264-df8fac2467ee;2024-05-21T11:09:00Z;1179.2;1178.8;1179.2;1178.8;1194;
0da66728-6c30-44c4-9264-df8fac2467ee;2024-05-21T11:10:00Z;1178.8;1178;1178.8;1177.8;1262;
0da66728-6c30-44c4-9264-df8fac2467ee;2024-05-21T11:11:00Z;1178;1178.2;1178.6;1177.8;573;
0da66728-6c30-44c4-9264-df8fac2467ee;2024-05-21T11:12:00Z;1178.2;1178.6;1179;1178;1167;
0da66728-6c30-44c4-9264-df8fac2467ee;2024-05-21T11:13:00Z;1178.4;1179;1179.2;1178.2;1759;
0da66728-6c30-44c4-9264-df8fac2467ee;2024-05-21T11:14:00Z;1179;1178.6;1179;1178.2;539;
0da66728-6c30-44c4-9264-df8fac2467ee;2024-05-21T11:15:00Z;1178.6;1178.8;1179;1178.2;765;
0da66728-6c30-44c4-9264-df8fac2467ee;2024-05-21T11:16:00Z;1179;1179;1179.4;1178.6;1508;
0da66728-6c30-44c4-9264-df8fac2467ee;2024-05-21T11:17:00Z;1179.2;1178.2;1179.4;1178.2;1854;
0da66728-6c30-44c4-9264-df8fac2467ee;2024-05-21T11:18:00Z;1178.2;1177.4;1178.4;1177.4;1614;
0da66728-6c30-44c4-9264-df8fac2467ee;2024-05-21T11:19:00Z;1177.6;1177.2;1177.6;1177;3485;
0da66728-6c30-44c4-9264-df8fac2467ee;2024-05-21T11:20:00Z;1177.2;1177.2;1177.4;1177;1514;
0da66728-6c30-44c4-9264-df8fac2467ee;2024-05-21T11:21:00Z;1177.2;1177.4;1177.6;1177;1384;
0da66728-6c30-44c4-9264-df8fac2467ee;2024-05-21T11:22:00Z;1177.6;1177.4;1177.6;1177;2529;
0da66728-6c30-44c4-9264-df8fac2467ee;2024-05-21T11:23:00Z;1177.6;1178.2;1178.2;1177.2;1404;
0da66728-6c30-44c4-9264-df8fac2467ee;2024-05-21T11:24:00Z;1178.2;1177.4;1178.2;1177;1750;
0da66728-6c30-44c4-9264-df8fac2467ee;2024-05-21T11:25:00Z;1177.4;1177.4;1177.6;1177;768;
0da66728-6c30-44c4-9264-df8fac2467ee;2024-05-21T11:26:00Z;1177.4;1177.8;1177.8;1177;774;
0da66728-6c30-44c4-9264-df8fac2467ee;2024-05-21T11:27:00Z;1177.8;1177.2;1177.8;1177;1739;
0da66728-6c30-44c4-9264-df8fac2467ee;2024-05-21T11:28:00Z;1177.4;1177.6;1177.6;1177;1185;
0da66728-6c30-44c4-9264-df8fac2467ee;2024-05-21T11:29:00Z;1177.6;1176.8;1177.6;1176.6;1829;
0da66728-6c30-44c4-9264-df8fac2467ee;2024-05-21T11:30:00Z;1176.8;1176.6;1177.2;1176.4;2350;
0da66728-6c30-44c4-9264-df8fac2467ee;2024-05-21T11:31:00Z;1177;1176.4;1177.2;1176.4;1730;
0da66728-6c30-44c4-9264-df8fac2467ee;2024-05-21T11:32:00Z;1176.6;1176.2;1176.8;1176;2533;
0da66728-6c30-44c4-9264-df8fac2467ee;2024-05-21T11:33:00Z;1176.4;1175.8;1176.4;1175.8;2351;
0da66728-6c30-44c4-9264-df8fac2467ee;2024-05-21T11:34:00Z;1176;1175.4;1176.2;1175.4;3203;
0da66728-6c30-44c4-9264-df8fac2467ee;2024-05-21T11:35:00Z;1175.6;1175.6;1175.6;1175.4;2411;
0da66728-6c30-44c4-9264-df8fac2467ee;2024-05-21T11:36:00Z;1175.6;1175.6;1175.6;1175.4;1624;
0da66728-6c30-44c4-9264-df8fac2467ee;2024-05-21T11:37:00Z;1175.6;1176.4;1176.4;1175.4;835;
0da66728-6c30-44c4-9264-df8fac2467ee;2024-05-21T11:38:00Z;1176.4;1176.2;1176.8;1176;1025;
0da66728-6c30-44c4-9264-df8fac2467ee;2024-05-21T11:39:00Z;1176.8;1176.4;1176.8;1176;1160;
0da66728-6c30-44c4-9264-df8fac2467ee;2024-05-21T11:40:00Z;1176.4;1176.4;1176.4;1176.2;1105;
0da66728-6c30-44c4-9264-df8fac2467ee;2024-05-21T11:41:00Z;1176.4;1175.2;1176.4;1175.2;4046;
0da66728-6c30-44c4-9264-df8fac2467ee;2024-05-21T11:42:00Z;1175.2;1174.4;1175.4;1174;22222;
0da66728-6c30-44c4-9264-df8fac2467ee;2024-05-21T11:43:00Z;1174.4;1174.4;1174.6;1174;4178;
0da66728-6c30-44c4-9264-df8fac2467ee;2024-05-21T11:44:00Z;1174.4;1175;1175;1174;1933;
0da66728-6c30-44c4-9264-df8fac2467ee;2024-05-21T11:45:00Z;1175;1174.8;1175;1174.6;3184;
0da66728-6c30-44c4-9264-df8fac2467ee;2024-05-21T11:46:00Z;1174.8;1174.4;1174.8;1174.4;2201;
0da66728-6c30-44c4-9264-df8fac2467ee;2024-05-21T11:47:00Z;1174.6;1175.2;1175.4;1174;9355;
0da66728-6c30-44c4-9264-df8fac2467ee;2024-05-21T11:48:00Z;1175.4;1175.2;1176.2;1174.8;3343;
0da66728-6c30-44c4-9264-df8fac2467ee;2024-05-21T11:49:00Z;1175.2;1174.8;1175.2;1174.6;1402;
0da66728-6c30-44c4-9264-df8fac2467ee;2024-05-21T11:50:00Z;1174.8;1174;1175;1174;2394;
0da66728-6c30-44c4-9264-df8fac2467ee;2024-05-21T11:51:00Z;1174.4;1174.6;1174.6;1174;1274;
0da66728-6c30-44c4-9264-df8fac2467ee;2024-05-21T11:52:00Z;1174.4;1174.2;1174.6;1174.2;1514;
0da66728-6c30-44c4-9264-df8fac2467ee;2024-05-21T11:53:00Z;1174.4;1175;1175.2;1174.2;3259;
0da66728-6c30-44c4-9264-df8fac2467ee;2024-05-21T11:54:00Z;1174.8;1174.6;1175;1174.4;1223;
0da66728-6c30-44c4-9264-df8fac2467ee;2024-05-21T11:55:00Z;1174.8;1174.4;1174.8;1174.2;1113;
0da66728-6c30-44c4-9264-df8fac2467ee;2024-05-21T11:56:00Z;1174.6;1175;1175.8;1174.4;5912;
0da66728-6c30-44c4-9264-df8fac2467ee;2024-05-21T11:57:00Z;1175;1174.6;1175.4;1174.4;3316;
0da66728-6c30-44c4-9264-df8fac2467ee;2024-05-21T11:58:00Z;1174.4;1174.2;1174.6;1174.2;1258;
0da66728-6c30-44c4-9264-df8fac2467ee;2024-05-21T11:59:00Z;1174.4;1174.2;1174.4;1174.2;1633;
0da66728-6c30-44c4-9264-df8fac2467ee;2024-05-21T12:00:00Z;1174.2;1174.2;1174.4;1174;4132;
0da66728-6c30-44c4-9264-df8fac2467ee;2024-05-21T12:01:00Z;1174;1174.2;1174.2;1174;4204;
0da66728-6c30-44c4-9264-df8fac2467ee;2024-05-21T12:02:00Z;1174.2;1174;1174.2;1174;2957;
0da66728-6c30-44c4-9264-df8fac2467ee;2024-05-21T12:03:00Z;1174.2;1174;1174.2;1173.8;15096;
0da66728-6c30-44c4-9264-df8fac2467ee;2024-05-21T12:04:00Z;1173.8;1173.8;1174;1173.6;2720;
0da66728-6c30-44c4-9264-df8fac2467ee;2024-05-21T12:05:00Z;1173.6;1173.4;1174;1173.2;3689;
0da66728-6c30-44c4-9264-df8fac2467ee;2024-05-21T12:06:00Z;1173.6;1172.8;1173.8;1172.8;3264;
0da66728-6c30-44c4-9264-df8fac2467ee;2024-05-21T12:07:00Z;1172.6;1173;1173.8;1172.2;12702;
0da66728-6c30-44c4-9264-df8fac2467ee;2024-05-21T12:08:00Z;1173;1172.6;1173.2;1172.6;1708;
0da66728-6c30-44c4-9264-df8fac2467ee;2024-05-21T12:09:00Z;1172.6;1172.4;1172.8;1172.2;1887;
0da66728-6c30-44c4-9264-df8fac2467ee;2024-05-21T12:10:00Z;1172.4;1172.4;1172.6;1172.4;1670;
0da66728-6c30-44c4-9264-df8fac2467ee;2024-05-21T12:11:00Z;1172.6;1172.2;1172.6;1172.2;963;
0da66728-6c30-44c4-9264-df8fac2467ee;2024-05-21T12:12:00Z;1172.2;1171.2;1172.4;1171.2;5706;
0da66728-6c30-44c4-9264-df8fac2467ee;2024-05-21T12:13:00Z;1171.2;1171.2;1171.8;1171.2;3126;
0da66728-6c30-44c4-9264-df8fac2467ee;2024-05-21T12:14:00Z;1171.4;1173;1173.2;1171.4;5807;
0da66728-6c30-44c4-9264-df8fac2467ee;2024-05-21T12:15:00Z;1172.8;1173.6;1173.6;1172.8;2029;
0da66728-6c30-44c4-9264-df8fac2467ee;2024-05-21T12:16:00Z;1173.6;1173.4;1173.6;1173.4;1897;
0da66728-6c30-44c4-9264-df8fac2467ee;2024-05-21T12:17:00Z;1173.4;1173;1173.4;1173;1940;
0da66728-6c30-44c4-9264-df8fac2467ee;2024-05-21T12:18:00Z;1172.8;1172.2;1172.8;1172.2;1519;
0da66728-6c30-44c4-9264-df8fac2467ee;2024-05-21T12:19:00Z;1172.4;1172.4;1172.6;1172.2;876;
0da66728-6c30-44c4-9264-df8fac2467ee;2024-05-21T12:20:00Z;1172.4;1172.4;1172.6;1172.4;3244;
0da66728-6c30-44c4-9264-df8fac2467ee;2024-05-21T12:21:00Z;1172.4;1172.6;1172.6;1172.4;951;
0da66728-6c30-44c4-9264-df8fac2467ee;2024-05-21T12:22:00Z;1172.4;1172.6;1172.6;1172.2;824;
0da66728-6c30-44c4-9264-df8fac2467ee;2024-05-21T12:23:00Z;1172.2;1172.6;1172.8;1172;3879;
0da66728-6c30-44c4-9264-df8fac2467ee;2024-05-21T12:24:00Z;1172.6;1172;1172.8;1172;1606;
0da66728-6c30-44c4-9264-df8fac2467ee;2024-05-21T12:25:00Z;1172.2;1172.2;1172.6;1171.8;4348;
0da66728-6c30-44c4-9264-df8fac2467ee;2024-05-21T12:26:00Z;1172.4;1172.6;1172.6;1172.2;2223;
0da66728-6c30-44c4-9264-df8fac2467ee;2024-05-21T12:27:00Z;1172.4;1172.2;1172.6;1172.2;460;
0da66728-6c30-44c4-9264-df8fac2467ee;2024-05-21T12:28:00Z;1172.4;1172.4;1172.8;1172.2;1262;
0da66728-6c30-44c4-9264-df8fac2467ee;2024-05-21T12:29:00Z;1172.4;1172.6;1172.8;1172.4;1144;
0da66728-6c30-44c4-9264-df8fac2467ee;2024-05-21T12:30:00Z;1172.6;1172.2;1172.8;1172.2;2890;
0da66728-6c30-44c4-9264-df8fac2467ee;2024-05-21T12:31:00Z;1172.2;1171.8;1172.2;1171.8;794;
0da66728-6c30-44c4-9264-df8fac2467ee;2024-05-21T12:32:00Z;1172;1172;1172.2;1171.6;1758;
0da66728-6c30-44c4-9264-df8fac2467ee;2024-05-21T12:33:00Z;1171.6;1171.6;1171.6;1171.2;2429;
0da66728-6c30-44c4-9264-df8fac2467ee;2024-05-21T12:34:00Z;1171.4;1171.4;1171.8;1171.4;907;
0da66728-6c30-44c4-9264-df8fac2467ee;2024-05-21T12:35:00Z;1171.6;1171.4;1171.6;1171.4;740;
0da66728-6c30-44c4-9264-df8fac2467ee;2024-05-21T12:36:00Z;1171.4;1172.4;1172.4;1171.4;1286;
0da66728-6c30-44c4-9264-df8fac2467ee;2024-05-21T12:37:00Z;1172.2;1172.4;1172.4;1172;1224;
0da66728-6c30-44c4-9264-df8fac2467ee;2024-05-21T12:38:00Z;1172;1172.6;1172.8;1172;2324;
0da66728-6c30-44c4-9264-df8fac2467ee;2024-05-21T12:39:00Z;1172.6;1172.6;1172.8;1172.6;1647;
0da66728-6c30-44c4-9264-df8fac2467ee;2024-05-21T12:40:00Z;1172.6;1173.6;1173.6;1172.6;2057;
0da66728-6c30-44c4-9264-df8fac2467ee;2024-05-21T12:41:00Z;1173.6;1173.4;1173.6;1173.2;1518;
0da66728-6c30-44c4-9264-df8fac2467ee;2024-05-21T12:42:00Z;1173.4;1173.2;1173.6;1173;982;
0da66728-6c30-44c4-9264-df8fac2467ee;2024-05-21T12:43:00Z;1173;1173.8;1174;1172.8;3624;
0da66728-6c30-44c4-9264-df8fac2467ee;2024-05-21T12:44:00Z;1174;1173.8;1174;1173.8;3188;
0da66728-6c30-44c4-9264-df8fac2467ee;2024-05-21T12:45:00Z;1174;1173.8;1174;1173.2;1834;
0da66728-6c30-44c4-9264-df8fac2467ee;2024-05-21T12:46:00Z;1173.8;1173.6;1174;1173.2;1311;
0da66728-6c30-44c4-9264-df8fac2467ee;2024-05-21T12:47:00Z;1173.6;1173.4;1174;1172.4;4259;
0da66728-6c30-44c4-9264-df8fac2467ee;2024-05-21T12:48:00Z;1173;1172.6;1173.2;1172.6;1325;
0da66728-6c30-44c4-9264-df8fac2467ee;2024-05-21T12:49:00Z;1172.6;1171.8;1172.8;1171.8;4158;
0da66728-6c30-44c4-9264-df8fac2467ee;2024-05-21T12:50:00Z;1172;1171.6;1172;1171.6;1542;
0da66728-6c30-44c4-9264-df8fac2467ee;2024-05-21T12:51:00Z;1171.6;1172;1172;1171.6;1941;
0da66728-6c30-44c4-9264-df8fac2467ee;2024-05-21T12:52:00Z;1172;1173;1173;1171.8;1761;
0da66728-6c30-44c4-9264-df8fac2467ee;2024-05-21T12:53:00Z;1172.8;1172.2;1173;1172;1244;
0da66728-6c30-44c4-9264-df8fac2467ee;2024-05-21T12:54:00Z;1172.2;1171.8;1172.4;1171.8;1614;
0da66728-6c30-44c4-9264-df8fac2467ee;2024-05-21T12:55:00Z;1172;1171.8;1172.2;1171.8;1984;
0da66728-6c30-44c4-9264-df8fac2467ee;2024-05-21T12:56:00Z;1171.8;1172.4;1172.8;1171.8;1514;
0da66728-6c30-44c4-9264-df8fac2467ee;2024-05-21T12:57:00Z;1172;1172.6;1172.8;1172;915;
0da66728-6c30-44c4-9264-df8fac2467ee;2024-05-21T12:58:00Z;1172.4;1171.8;1172.8;1171.8;1599;
0da66728-6c30-44c4-9264-df8fac2467ee;2024-05-21T12:59:00Z;1172;1171.6;1172;1171.4;1435;
0da66728-6c30-44c4-9264-df8fac2467ee;2024-05-21T13:00:00Z;1171.6;1172.6;1173.8;1171.6;11261;
0da66728-6c30-44c4-9264-df8fac2467ee;2024-05-21T13:01:00Z;1172.2;1172.4;1174;1172.2;9755;
0da66728-6c30-44c4-9264-df8fac2467ee;2024-05-21T13:02:00Z;1172.6;1172.2;1172.6;1171.8;1460;
0da66728-6c30-44c4-9264-df8fac2467ee;2024-05-21T13:03:00Z;1171.8;1171.4;1172.2;1171.4;3397;
0da66728-6c30-44c4-9264-df8fac2467ee;2024-05-21T13:04:00Z;1171.6;1171.4;1171.6;1171.4;1010;
0da66728-6c30-44c4-9264-df8fac2467ee;2024-05-21T13:05:00Z;1171.4;1171;1171.4;1171;3867;
0da66728-6c30-44c4-9264-df8fac2467ee;2024-05-21T13:06:00Z;1171.2;1170.4;1171.2;1170.2;14397;
0da66728-6c30-44c4-9264-df8fac2467ee;2024-05-21T13:07:00Z;1170.2;1170;1170.4;1170;7203;
0da66728-6c30-44c4-9264-df8fac2467ee;2024-05-21T13:08:00Z;1170;1169.2;1170.2;1168;11823;
0da66728-6c30-44c4-9264-df8fac2467ee;2024-05-21T13:09:00Z;1169.4;1169.2;1169.4;1168.6;1543;
0da66728-6c30-44c4-9264-df8fac2467ee;2024-05-21T13:10:00Z;1169;1169.8;1170;1168.8;3415;
0da66728-6c30-44c4-9264-df8fac2467ee;2024-05-21T13:11:00Z;1169.6;1169.2;1169.8;1169.2;1754;
0da66728-6c30-44c4-9264-df8fac2467ee;2024-05-21T13:12:00Z;1169.4;1168.2;1169.4;1168;7758;
0da66728-6c30-44c4-9264-df8fac2467ee;2024-05-21T13:13:00Z;1168.2;1168.4;1168.4;1168;5105;
0da66728-6c30-44c4-9264-df8fac2467ee;2024-05-21T13:14:00Z;1168.4;1168.2;1168.6;1168;2303;
0da66728-6c30-44c4-9264-df8fac2467ee;2024-05-21T13:15:00Z;1168.4;1168;1168.4;1168;1155;
0da66728-6c30-44c4-9264-df8fac2467ee;2024-05-21T13:16:00Z;1168;1168;1168.2;1168;6527;
0da66728-6c30-44c4-9264-df8fac2467ee;2024-05-21T13:17:00Z;1168;1168;1168.2;1168;2221;
0da66728-6c30-44c4-9264-df8fac2467ee;2024-05-21T13:18:00Z;1168.2;1168;1168.2;1168;2869;
0da66728-6c30-44c4-9264-df8fac2467ee;2024-05-21T13:19:00Z;1168.2;1167.2;1168.2;1167.2;6120;
0da66728-6c30-44c4-9264-df8fac2467ee;2024-05-21T13:20:00Z;1167.2;1167.4;1167.8;1167;6785;
0da66728-6c30-44c4-9264-df8fac2467ee;2024-05-21T13:21:00Z;1167.6;1166;1168.2;1165.8;62398;
0da66728-6c30-44c4-9264-df8fac2467ee;2024-05-21T13:22:00Z;1166;1166.8;1167;1165.4;6293;
0da66728-6c30-44c4-9264-df8fac2467ee;2024-05-21T13:23:00Z;1166.6;1166.4;1167.6;1166.4;4990;
0da66728-6c30-44c4-9264-df8fac2467ee;2024-05-21T13:24:00Z;1166.4;1165.8;1166.4;1165.4;2897;
0da66728-6c30-44c4-9264-df8fac2467ee;2024-05-21T13:25:00Z;1166;1165.6;1166.4;1165.4;2038;
0da66728-6c30-44c4-9264-df8fac2467ee;2024-05-21T13:26:00Z;1165.6;1166.4;1166.8;1165.4;3375;
0da66728-6c30-44c4-9264-df8fac2467ee;2024-05-21T13:27:00Z;1166.4;1166.6;1166.8;1166.2;2505;
0da66728-6c30-44c4-9264-df8fac2467ee;2024-05-21T13:28:00Z;1166.6;1166.8;1167;1166.6;2005;
0da66728-6c30-44c4-9264-df8fac2467ee;2024-05-21T13:29:00Z;1167;1167;1167.2;1166.8;1890;
0da66728-6c30-44c4-9264-df8fac2467ee;2024-05-21T13:30:00Z;1167.2;1167.4;1167.8;1167;3446;
0da66728-6c30-44c4-9264-df8fac2467ee;2024-05-21T13:31:00Z;1167.6;1167;1167.6;1167;1302;
0da66728-6c30-44c4-9264-df8fac2467ee;2024-05-21T13:32:00Z;1167.2;1167.2;1167.2;1167;1098;
0da66728-6c30-44c4-9264-df8fac2467ee;2024-05-21T13:33:00Z;1167.2;1167;1167.2;1167;1795;
0da66728-6c30-44c4-9264-df8fac2467ee;2024-05-21T13:34:00Z;1167.2;1166;1167.2;1166;5577;
0da66728-6c30-44c4-9264-df8fac2467ee;2024-05-21T13:35:00Z;1165.8;1165.4;1166;1165.2;5774;
0da66728-6c30-44c4-9264-df8fac2467ee;2024-05-21T13:36:00Z;1165.2;1165.2;1165.4;1165.2;2421;
0da66728-6c30-44c4-9264-df8fac2467ee;2024-05-21T13:37:00Z;1165.2;1165.2;1165.6;1165;4518;
0da66728-6c30-44c4-9264-df8fac2467ee;2024-05-21T13:38:00Z;1165;1163;1165.2;1163;7263;
0da66728-6c30-44c4-9264-df8fac2467ee;2024-05-21T13:39:00Z;1163;1163.4;1164;1162;15624;
0da66728-6c30-44c4-9264-df8fac2467ee;2024-05-21T13:40:00Z;1163.2;1163.6;1164;1162;5384;
0da66728-6c30-44c4-9264-df8fac2467ee;2024-05-21T13:41:00Z;1163.8;1163;1164.2;1163;3101;
0da66728-6c30-44c4-9264-df8fac2467ee;2024-05-21T13:42:00Z;1163;1162.2;1163;1162;7358;
0da66728-6c30-44c4-9264-df8fac2467ee;2024-05-21T13:43:00Z;1162.2;1162.2;1162.4;1162;5564;
0da66728-6c30-44c4-9264-df8fac2467ee;2024-05-21T13:44:00Z;1162.2;1162;1162.2;1162;10572;
0da66728-6c30-44c4-9264-df8fac2467ee;2024-05-21T13:45:00Z;1162;1161.8;1162.2;1161.6;8436;
0da66728-6c30-44c4-9264-df8fac2467ee;2024-05-21T13:46:00Z;1161.8;1159.6;1161.8;1157.8;35307;
0da66728-6c30-44c4-9264-df8fac2467ee;2024-05-21T13:47:00Z;1159.4;1161;1161.6;1159;8026;
0da66728-6c30-44c4-9264-df8fac2467ee;2024-05-21T13:48:00Z;1161;1160.4;1161.8;1160;9192;
0da66728-6c30-44c4-9264-df8fac2467ee;2024-05-21T13:49:00Z;1160.4;1159.4;1160.8;1159;10527;
0da66728-6c30-44c4-9264-df8fac2467ee;2024-05-21T13:50:00Z;1159.6;1159;1159.8;1157.2;15347;
0da66728-6c30-44c4-9264-df8fac2467ee;2024-05-21T13:51:00Z;1159;1158.2;1159;1157.8;14987;
0da66728-6c30-44c4-9264-df8fac2467ee;2024-05-21T13:52:00Z;1158.2;1158.4;1159.2;1157.6;20132;
0da66728-6c30-44c4-9264-df8fac2467ee;2024-05-21T13:53:00Z;1158.4;1158.6;1159.4;1158.2;10734;
0da66728-6c30-44c4-9264-df8fac2467ee;2024-05-21T13:54:00Z;1159;1160;1160.4;1158.6;10904;
0da66728-6c30-44c4-9264-df8fac2467ee;2024-05-21T13:55:00Z;1160.2;1158.2;1160.4;1157.2;88746;
0da66728-6c30-44c4-9264-df8fac2467ee;2024-05-21T13:56:00Z;1158.2;1159;1159.4;1157.6;6147;
0da66728-6c30-44c4-9264-df8fac2467ee;2024-05-21T13:57:00Z;1159;1158.6;1159;1158.4;1863;
0da66728-6c30-44c4-9264-df8fac2467ee;2024-05-21T13:58:00Z;1158.6;1160;1160.4;1158.4;6921;
0da66728-6c30-44c4-9264-df8fac2467ee;2024-05-21T13:59:00Z;1160;1162.2;1163;1160;11379;
0da66728-6c30-44c4-9264-df8fac2467ee;2024-05-21T14:00:00Z;1162.2;1161.2;1162.4;1161.2;10380;
0da66728-6c30-44c4-9264-df8fac2467ee;2024-05-21T14:01:00Z;1161.2;1161.6;1161.6;1161.2;2662;
0da66728-6c30-44c4-9264-df8fac2467ee;2024-05-21T14:02:00Z;1161.6;1162.4;1162.8;1161.2;4468;
0da66728-6c30-44c4-9264-df8fac2467ee;2024-05-21T14:03:00Z;1162.4;1160.4;1162.8;1159.6;9742;
0da66728-6c30-44c4-9264-df8fac2467ee;2024-05-21T14:04:00Z;1160;1159.6;1160.2;1159;3718;
0da66728-6c30-44c4-9264-df8fac2467ee;2024-05-21T14:05:00Z;1159.6;1160.8;1161;1159.6;3022;
0da66728-6c30-44c4-9264-df8fac2467ee;2024-05-21T14:06:00Z;1161;1161.8;1162.2;1160.6;1617;
0da66728-6c30-44c4-9264-df8fac2467ee;2024-05-21T14:07:00Z;1162;1165;1165;1162;9951;
0da66728-6c30-44c4-9264-df8fac2467ee;2024-05-21T14:08:00Z;1165;1164;1165;1163.6;3196;
0da66728-6c30-44c4-9264-df8fac2467ee;2024-05-21T14:09:00Z;1164;1164.8;1167;1163.8;9988;
0da66728-6c30-44c4-9264-df8fac2467ee;2024-05-21T14:10:00Z;1164.8;1165;1165.6;1164.8;2965;
0da66728-6c30-44c4-9264-df8fac2467ee;2024-05-21T14:11:00Z;1165.2;1166.4;1167;1165;8629;
0da66728-6c30-44c4-9264-df8fac2467ee;2024-05-21T14:12:00Z;1166.4;1167;1167;1164.8;4271;
0da66728-6c30-44c4-9264-df8fac2467ee;2024-05-21T14:13:00Z;1166.8;1167.4;1168.2;1166.4;9208;
0da66728-6c30-44c4-9264-df8fac2467ee;2024-05-21T14:14:00Z;1167;1165;1167.4;1164.2;11028;
0da66728-6c30-44c4-9264-df8fac2467ee;2024-05-21T14:15:00Z;1165.2;1161.2;1165.4;1158;104937;
0da66728-6c30-44c4-9264-df8fac2467ee;2024-05-21T14:16:00Z;1161.2;1163.2;1165.4;1161.2;29275;
0da66728-6c30-44c4-9264-df8fac2467ee;2024-05-21T14:17:00Z;1162.2;1164.6;1165.2;1160;43177;
0da66728-6c30-44c4-9264-df8fac2467ee;2024-05-21T14:18:00Z;1164.8;1166.4;1166.6;1164.6;8557;
0da66728-6c30-44c4-9264-df8fac2467ee;2024-05-21T14:19:00Z;1166.2;1165.6;1167.2;1165;7030;
0da66728-6c30-44c4-9264-df8fac2467ee;2024-05-21T14:20:00Z;1165.2;1165.4;1166;1164.8;3705;
0da66728-6c30-44c4-9264-df8fac2467ee;2024-05-21T14:21:00Z;1165.4;1166;1166.4;1165;1184;
0da66728-6c30-44c4-9264-df8fac2467ee;2024-05-21T14:22:00Z;1166.2;1167.2;1168.4;1166.2;5980;
0da66728-6c30-44c4-9264-df8fac2467ee;2024-05-21T14:23:00Z;1167.4;1169.2;1169.6;1166.8;24075;
0da66728-6c30-44c4-9264-df8fac2467ee;2024-05-21T14:24:00Z;1169.6;1167.6;1170;1167.4;9597;
0da66728-6c30-44c4-9264-df8fac2467ee;2024-05-21T14:25:00Z;1167.6;1168;1168;1167.4;2812;
0da66728-6c30-44c4-9264-df8fac2467ee;2024-05-21T14:26:00Z;1168;1170.6;1171.4;1167.8;12000;
0da66728-6c30-44c4-9264-df8fac2467ee;2024-05-21T14:27:00Z;1170.8;1171.4;1171.6;1170.6;10876;
0da66728-6c30-44c4-9264-df8fac2467ee;2024-05-21T14:28:00Z;1171.2;1170.6;1172;1170.2;10672;
0da66728-6c30-44c4-9264-df8fac2467ee;2024-05-21T14:29:00Z;1170.6;1171;1171;1170.4;2788;
0da66728-6c30-44c4-9264-df8fac2467ee;2024-05-21T14:30:00Z;1170.8;1171.6;1171.8;1170.6;6982;
0da66728-6c30-44c4-9264-df8fac2467ee;2024-05-21T14:31:00Z;1171.2;1171;1171.8;1169.4;5647;
0da66728-6c30-44c4-9264-df8fac2467ee;2024-05-21T14:32:00Z;1170.6;1170.8;1171.2;1170.4;5156;
0da66728-6c30-44c4-9264-df8fac2467ee;2024-05-21T14:33:00Z;1170.8;1171.4;1171.4;1169.4;10079;
0da66728-6c30-44c4-9264-df8fac2467ee;2024-05-21T14:34:00Z;1171.6;1171.8;1172;1171;5962;
0da66728-6c30-44c4-9264-df8fac2467ee;2024-05-21T14:35:00Z;1171.8;1171.8;1172.2;1171.6;4198;
0da66728-6c30-44c4-9264-df8fac2467ee;2024-05-21T14:36:00Z;1172;1172.8;1172.8;1171.8;4676;
0da66728-6c30-44c4-9264-df8fac2467ee;2024-05-21T14:37:00Z;1172.6;1174;1174;1172.6;31535;
0da66728-6c30-44c4-9264-df8fac2467ee;2024-05-21T14:38:00Z;1173.8;1177;1177;1173.8;47731;
0da66728-6c30-44c4-9264-df8fac2467ee;2024-05-21T14:39:00Z;1177.2;1177.4;1178;1176.2;23851;
0da66728-6c30-44c4-9264-df8fac2467ee;2024-05-21T14:40:00Z;1177.6;1176;1178;1176;7332;
0da66728-6c30-44c4-9264-df8fac2467ee;2024-05-21T14:41:00Z;1176.2;1176.4;1177;1175.8;3731;
0da66728-6c30-44c4-9264-df8fac2467ee;2024-05-21T14:42:00Z;1176.4;1174;1176.8;1174;3242;
0da66728-6c30-44c4-9264-df8fac2467ee;2024-05-21T14:43:00Z;1174;1172.6;1174.4;1172.6;3985;
0da66728-6c30-44c4-9264-df8fac2467ee;2024-05-21T14:44:00Z;1172.8;1172.2;1173;1172;4286;
0da66728-6c30-44c4-9264-df8fac2467ee;2024-05-21T14:45:00Z;1172;1174;1174;1172;2116;
0da66728-6c30-44c4-9264-df8fac2467ee;2024-05-21T14:46:00Z;1174;1173.8;1174.2;1173.2;2724;
0da66728-6c30-44c4-9264-df8fac2467ee;2024-05-21T14:47:00Z;1173.6;1172.4;1173.6;1171;19635;
0da66728-6c30-44c4-9264-df8fac2467ee;2024-05-21T14:48:00Z;1172.4;1171.6;1172.8;1171.4;1606;
0da66728-6c30-44c4-9264-df8fac2467ee;2024-05-21T14:49:00Z;1171.6;1171.2;1172;1171;2808;
0da66728-6c30-44c4-9264-df8fac2467ee;2024-05-21T14:50:00Z;1171.2;1171.8;1171.8;1171;1131;
0da66728-6c30-44c4-9264-df8fac2467ee;2024-05-21T14:51:00Z;1171.8;1171.8;1172;1171.4;1100;
0da66728-6c30-44c4-9264-df8fac2467ee;2024-05-21T14:52:00Z;1171.8;1172.8;1172.8;1171.4;2880;
0da66728-6c30-44c4-9264-df8fac2467ee;2024-05-21T14:53:00Z;1172.8;1173.4;1173.6;1172.8;3856;
0da66728-6c30-44c4-9264-df8fac2467ee;2024-05-21T14:54:00Z;1173.4;1174.2;1174.2;1173.2;707;
0da66728-6c30-44c4-9264-df8fac2467ee;2024-05-21T14:55:00Z;1174.2;1174.8;1175.4;1174;1614;
0da66728-6c30-44c4-9264-df8fac2467ee;2024-05-21T14:56:00Z;1175;1175.6;1175.6;1174.6;881;
0da66728-6c30-44c4-9264-df8fac2467ee;2024-05-21T14:57:00Z;1175.6;1175.8;1175.8;1175;1902;
0da66728-6c30-44c4-9264-df8fac2467ee;2024-05-21T14:58:00Z;1175.4;1173.4;1175.6;1173.4;1895;
0da66728-6c30-44c4-9264-df8fac2467ee;2024-05-21T14:59:00Z;1173.2;1173.2;1173.8;1172.8;1029;
0da66728-6c30-44c4-9264-df8fac2467ee;2024-05-21T15:00:00Z;1173;1174.4;1174.4;1172.8;1717;
0da66728-6c30-44c4-9264-df8fac2467ee;2024-05-21T15:01:00Z;1174.4;1174.2;1175;1173.6;3038;
0da66728-6c30-44c4-9264-df8fac2467ee;2024-05-21T15:02:00Z;1174.8;1175;1176;1174.8;2250;
0da66728-6c30-44c4-9264-df8fac2467ee;2024-05-21T15:03:00Z;1175.4;1176;1176;1175;2304;
0da66728-6c30-44c4-9264-df8fac2467ee;2024-05-21T15:04:00Z;1176;1175.6;1176;1175.2;1177;
0da66728-6c30-44c4-9264-df8fac2467ee;2024-05-21T15:05:00Z;1175.8;1175.2;1176;1175;4890;
0da66728-6c30-44c4-9264-df8fac2467ee;2024-05-21T15:06:00Z;1175.4;1174;1175.6;1174;1241;
0da66728-6c30-44c4-9264-df8fac2467ee;2024-05-21T15:07:00Z;1174.6;1175;1175;1174.2;622;
0da66728-6c30-44c4-9264-df8fac2467ee;2024-05-21T15:08:00Z;1175;1174.8;1175;1174.4;596;
0da66728-6c30-44c4-9264-df8fac2467ee;2024-05-21T15:09:00Z;1174.8;1174;1174.8;1173.4;2275;
0da66728-6c30-44c4-9264-df8fac2467ee;2024-05-21T15:10:00Z;1174.4;1173.6;1174.4;1173.6;734;
0da66728-6c30-44c4-9264-df8fac2467ee;2024-05-21T15:11:00Z;1173.8;1174;1174;1173.6;2762;
0da66728-6c30-44c4-9264-df8fac2467ee;2024-05-21T15:12:00Z;1174.2;1174.2;1174.6;1173.8;790;
0da66728-6c30-44c4-9264-df8fac2467ee;2024-05-21T15:13:00Z;1174;1173.8;1174.4;1173.6;1711;
0da66728-6c30-44c4-9264-df8fac2467ee;2024-05-21T15:14:00Z;1173.6;1173.6;1174;1173.6;669;
0da66728-6c30-44c4-9264-df8fac2467ee;2024-05-21T15:15:00Z;1173.8;1173.2;1173.8;1173;2457;
0da66728-6c30-44c4-9264-df8fac2467ee;2024-05-21T15:16:00Z;1173;1171.8;1173.2;1171.6;1609;
0da66728-6c30-44c4-9264-df8fac2467ee;2024-05-21T15:17:00Z;1171.6;1171.8;1171.8;1171.6;1269;
0da66728-6c30-44c4-9264-df8fac2467ee;2024-05-21T15:18:00Z;1171.8;1171.6;1172.6;1171.6;1436;
0da66728-6c30-44c4-9264-df8fac2467ee;2024-05-21T15:19:00Z;1171.6;1172;1172;1171.6;549;
0da66728-6c30-44c4-9264-df8fac2467ee;2024-05-21T15:20:00Z;1172;1171.8;1172;1171.4;1092;
0da66728-6c30-44c4-9264-df8fac2467ee;2024-05-21T15:21:00Z;1171.4;1172.6;1172.8;1171.4;821;
0da66728-6c30-44c4-9264-df8fac2467ee;2024-05-21T15:22:00Z;1172.6;1172.8;1173;1172.6;657;
0da66728-6c30-44c4-9264-df8fac2467ee;2024-05-21T15:23:00Z;1173;1174;1174;1173;1165;
0da66728-6c30-44c4-9264-df8fac2467ee;2024-05-21T15:24:00Z;1174;1174;1174;1173.4;560;
0da66728-6c30-44c4-9264-df8fac2467ee;2024-05-21T15:25:00Z;1174;1173.6;1174;1173.6;1370;
0da66728-6c30-44c4-9264-df8fac2467ee;2024-05-21T15:26:00Z;1173.8;1173.8;1173.8;1173.2;1307;
0da66728-6c30-44c4-9264-df8fac2467ee;2024-05-21T15:27:00Z;1173.8;1172.8;1173.8;1172.8;3542;
0da66728-6c30-44c4-9264-df8fac2467ee;2024-05-21T15:28:00Z;1172.8;1172.4;1172.8;1172;1341;
0da66728-6c30-44c4-9264-df8fac2467ee;2024-05-21T15:29:00Z;1172.4;1172.6;1172.8;1171.4;1668;
0da66728-6c30-44c4-9264-df8fac2467ee;2024-05-21T15:30:00Z;1172.6;1172;1172.6;1171.4;757;
0da66728-6c30-44c4-9264-df8fac2467ee;2024-05-21T15:31:00Z;1172.6;1172.4;1172.8;1172;792;
0da66728-6c30-44c4-9264-df8fac2467ee;2024-05-21T15:32:00Z;1172.4;1171.4;1172.4;1171.4;2090;
0da66728-6c30-44c4-9264-df8fac2467ee;2024-05-21T15:33:00Z;1171.4;1172.4;1172.4;1171.4;1211;
0da66728-6c30-44c4-9264-df8fac2467ee;2024-05-21T15:34:00Z;1172.6;1172.2;1172.6;1171.2;1005;
0da66728-6c30-44c4-9264-df8fac2467ee;2024-05-21T15:35:00Z;1172.2;1171.4;1172.4;1171.2;943;
0da66728-6c30-44c4-9264-df8fac2467ee;2024-05-21T15:36:00Z;1171.4;1172.4;1172.6;1171.4;659;
0da66728-6c30-44c4-9264-df8fac2467ee;2024-05-21T15:37:00Z;1172.2;1171;1172.4;1171;2954;
0da66728-6c30-44c4-9264-df8fac2467ee;2024-05-21T15:38:00Z;1171.4;1171.2;1171.8;1171;1425;
0da66728-6c30-44c4-9264-df8fac2467ee;2024-05-21T15:39:00Z;1171.8;1173;1173.2;1171.4;558;
0da66728-6c30-44c4-9264-df8fac2467ee;2024-05-21T15:45:00Z;1174;1174;1174;1174;3620;
0da66728-6c30-44c4-9264-df8fac2467ee;2024-05-21T15:46:00Z;1174;1174;1174;1174;168;
0da66728-6c30-44c4-9264-df8fac2467ee;2024-05-21T15:47:00Z;1174;1174;1174;1174;68;
0da66728-6c30-44c4-9264-df8fac2467ee;2024-05-21T15:48:00Z;1174;1174;1174;1174;14;
0da66728-6c30-44c4-9264-df8fac2467ee;2024-05-21T15:49:00Z;1174;1174;1174;1174;2;
0da66728-6c30-44c4-9264-df8fac2467ee;2024-05-21T16:04:00Z;1174;1174;1174;1174;608;
0da66728-6c30-44c4-9264-df8fac2467ee;2024-05-21T16:05:00Z;1174;1174;1174.4;1174;1029;
0da66728-6c30-44c4-9264-df8fac2467ee;2024-05-21T16:06:00Z;1174.4;1174.4;1174.4;1174;799;
0da66728-6c30-44c4-9264-df8fac2467ee;2024-05-21T16:07:00Z;1174.4;1174.4;1174.4;1174;832;
0da66728-6c30-44c4-9264-df8fac2467ee;2024-05-21T16:08:00Z;1174.4;1174.4;1174.4;1174;396;
0da66728-6c30-44c4-9264-df8fac2467ee;2024-05-21T16:09:00Z;1174.4;1174.6;1174.6;1174.2;839;
0da66728-6c30-44c4-9264-df8fac2467ee;2024-05-21T16:10:00Z;1174.6;1174.6;1174.6;1174;759;
0da66728-6c30-44c4-9264-df8fac2467ee;2024-05-21T16:11:00Z;1174.6;1174.8;1174.8;1174.4;263;
0da66728-6c30-44c4-9264-df8fac2467ee;2024-05-21T16:12:00Z;1174.8;1174.6;1174.8;1174.2;849;
0da66728-6c30-44c4-9264-df8fac2467ee;2024-05-21T16:13:00Z;1174.6;1174.8;1174.8;1174.4;127;
0da66728-6c30-44c4-9264-df8fac2467ee;2024-05-21T16:14:00Z;1174.8;1175;1175;1174.6;292;
0da66728-6c30-44c4-9264-df8fac2467ee;2024-05-21T16:15:00Z;1175;1175.6;1176.4;1174.8;1865;
0da66728-6c30-44c4-9264-df8fac2467ee;2024-05-21T16:16:00Z;1175.6;1175.2;1176;1175;789;
0da66728-6c30-44c4-9264-df8fac2467ee;2024-05-21T16:17:00Z;1175.4;1174.4;1175.4;1174.4;1390;
0da66728-6c30-44c4-9264-df8fac2467ee;2024-05-21T16:18:00Z;1175;1175.2;1175.2;1174.2;281;
0da66728-6c30-44c4-9264-df8fac2467ee;2024-05-21T16:19:00Z;1175;1175.4;1175.6;1174.2;746;
0da66728-6c30-44c4-9264-df8fac2467ee;2024-05-21T16:20:00Z;1175.4;1176.2;1176.2;1175.4;935;
0da66728-6c30-44c4-9264-df8fac2467ee;2024-05-21T16:21:00Z;1176;1176.2;1176.2;1175.6;888;
0da66728-6c30-44c4-9264-df8fac2467ee;2024-05-21T16:22:00Z;1176.2;1177.2;1177.4;1175.6;1875;
0da66728-6c30-44c4-9264-df8fac2467ee;2024-05-21T16:23:00Z;1177.2;1178;1179;1177;5847;
0da66728-6c30-44c4-9264-df8fac2467ee;2024-05-21T16:24:00Z;1178;1178.2;1178.2;1177.4;793;
0da66728-6c30-44c4-9264-df8fac2467ee;2024-05-21T16:25:00Z;1178.2;1177.4;1178.2;1177.4;1089;
0da66728-6c30-44c4-9264-df8fac2467ee;2024-05-21T16:26:00Z;1177.6;1177.8;1177.8;1177.4;335;
0da66728-6c30-44c4-9264-df8fac2467ee;2024-05-21T16:27:00Z;1177.8;1177.6;1178;1177.2;982;
0da66728-6c30-44c4-9264-df8fac2467ee;2024-05-21T16:28:00Z;1177.6;1177.8;1177.8;1177.2;580;
0da66728-6c30-44c4-9264-df8fac2467ee;2024-05-21T16:29:00Z;1177.6;1177.2;1177.8;1177.2;451;
0da66728-6c30-44c4-9264-df8fac2467ee;2024-05-21T16:30:00Z;1177.6;1177.8;1177.8;1177.2;560;
0da66728-6c30-44c4-9264-df8fac2467ee;2024-05-21T16:31:00Z;1177.8;1177.8;1177.8;1177;1326;
0da66728-6c30-44c4-9264-df8fac2467ee;2024-05-21T16:32:00Z;1177.8;1177;1177.8;1177;1754;
0da66728-6c30-44c4-9264-df8fac2467ee;2024-05-21T16:33:00Z;1177;1177;1177;1176.8;403;
0da66728-6c30-44c4-9264-df8fac2467ee;2024-05-21T16:34:00Z;1177;1177;1177;1176.8;315;
0da66728-6c30-44c4-9264-df8fac2467ee;2024-05-21T16:35:00Z;1176.8;1177;1177;1176.8;566;
0da66728-6c30-44c4-9264-df8fac2467ee;2024-05-21T16:36:00Z;1177;1177.2;1177.6;1176.8;344;
0da66728-6c30-44c4-9264-df8fac2467ee;2024-05-21T16:37:00Z;1177.2;1176.6;1177.6;1176.6;421;
0da66728-6c30-44c4-9264-df8fac2467ee;2024-05-21T16:38:00Z;1177.2;1177;1177.2;1176.6;238;
0da66728-6c30-44c4-9264-df8fac2467ee;2024-05-21T16:39:00Z;1176.6;1176.6;1177;1176.2;956;
0da66728-6c30-44c4-9264-df8fac2467ee;2024-05-21T16:40:00Z;1176.6;1176;1176.6;1176;597;
0da66728-6c30-44c4-9264-df8fac2467ee;2024-05-21T16:41:00Z;1176.4;1176;1176.6;1176;972;
0da66728-6c30-44c4-9264-df8fac2467ee;2024-05-21T16:42:00Z;1176;1177.2;1177.2;1176;1729;
0da66728-6c30-44c4-9264-df8fac2467ee;2024-05-21T16:43:00Z;1177.2;1177.2;1177.2;1176.8;246;
0da66728-6c30-44c4-9264-df8fac2467ee;2024-05-21T16:44:00Z;1177.2;1177.2;1177.2;1176.8;448;
0da66728-6c30-44c4-9264-df8fac2467ee;2024-05-21T16:45:00Z;1177.2;1176.8;1177.2;1176;1500;
0da66728-6c30-44c4-9264-df8fac2467ee;2024-05-21T16:46:00Z;1176.8;1177.2;1177.2;1176.6;2482;
0da66728-6c30-44c4-9264-df8fac2467ee;2024-05-21T16:47:00Z;1177;1178.6;1178.8;1177;5155;
0da66728-6c30-44c4-9264-df8fac2467ee;2024-05-21T16:48:00Z;1178.6;1178.6;1178.6;1178;388;
0da66728-6c30-44c4-9264-df8fac2467ee;2024-05-21T16:49:00Z;1178.6;1178.8;1179.2;1178.6;1397;
0da66728-6c30-44c4-9264-df8fac2467ee;2024-05-21T16:50:00Z;1178.6;1178.4;1178.8;1177.2;3231;
0da66728-6c30-44c4-9264-df8fac2467ee;2024-05-21T16:51:00Z;1178.4;1179;1179;1178.4;2064;
0da66728-6c30-44c4-9264-df8fac2467ee;2024-05-21T16:52:00Z;1179;1179.4;1179.4;1178.6;3499;
0da66728-6c30-44c4-9264-df8fac2467ee;2024-05-21T16:53:00Z;1179.4;1180.6;1181;1179.2;8360;
0da66728-6c30-44c4-9264-df8fac2467ee;2024-05-21T16:54:00Z;1180.8;1180.2;1180.8;1180.2;2252;
0da66728-6c30-44c4-9264-df8fac2467ee;2024-05-21T16:55:00Z;1180.4;1180.4;1180.6;1179.8;3768;
0da66728-6c30-44c4-9264-df8fac2467ee;2024-05-21T16:56:00Z;1180.4;1180.4;1181;1179.8;2456;
0da66728-6c30-44c4-9264-df8fac2467ee;2024-05-21T16:57:00Z;1180.4;1182;1182;1180.2;3582;
0da66728-6c30-44c4-9264-df8fac2467ee;2024-05-21T16:58:00Z;1182;1182;1182.2;1181.6;2004;
0da66728-6c30-44c4-9264-df8fac2467ee;2024-05-21T16:59:00Z;1182;1182.2;1182.4;1181.6;784;
0da66728-6c30-44c4-9264-df8fac2467ee;2024-05-21T17:00:00Z;1182;1182;1182.4;1181.6;1351;
0da66728-6c30-44c4-9264-df8fac2467ee;2024-05-21T17:01:00Z;1182;1182;1182.4;1181.6;523;
0da66728-6c30-44c4-9264-df8fac2467ee;2024-05-21T17:02:00Z;1182.4;1182.4;1182.4;1181.8;655;
0da66728-6c30-44c4-9264-df8fac2467ee;2024-05-21T17:03:00Z;1182.4;1182;1182.4;1181.6;116;
0da66728-6c30-44c4-9264-df8fac2467ee;2024-05-21T17:04:00Z;1181.8;1182.4;1182.6;1181.8;858;
0da66728-6c30-44c4-9264-df8fac2467ee;2024-05-21T17:05:00Z;1182.6;1182;1182.6;1182;1298;
0da66728-6c30-44c4-9264-df8fac2467ee;2024-05-21T17:06:00Z;1181.8;1181.2;1182;1181.2;1511;
0da66728-6c30-44c4-9264-df8fac2467ee;2024-05-21T17:07:00Z;1182;1183;1183;1182;4736;
0da66728-6c30-44c4-9264-df8fac2467ee;2024-05-21T17:08:00Z;1183;1179.6;1183;1178.8;5727;
0da66728-6c30-44c4-9264-df8fac2467ee;2024-05-21T17:09:00Z;1179.6;1178.4;1179.6;1177.2;10378;
0da66728-6c30-44c4-9264-df8fac2467ee;2024-05-21T17:10:00Z;1178.6;1177.6;1178.6;1176.8;5401;
0da66728-6c30-44c4-9264-df8fac2467ee;2024-05-21T17:11:00Z;1177.6;1178;1178.2;1177.2;280;
0da66728-6c30-44c4-9264-df8fac2467ee;2024-05-21T17:12:00Z;1178.2;1177.2;1178.2;1177.2;439;
0da66728-6c30-44c4-9264-df8fac2467ee;2024-05-21T17:13:00Z;1177.6;1178.8;1178.8;1177.6;629;
0da66728-6c30-44c4-9264-df8fac2467ee;2024-05-21T17:14:00Z;1178.8;1178.4;1178.8;1178.4;157;
0da66728-6c30-44c4-9264-df8fac2467ee;2024-05-21T17:15:00Z;1178.8;1178.4;1178.8;1178.2;278;
0da66728-6c30-44c4-9264-df8fac2467ee;2024-05-21T17:16:00Z;1178.2;1178.8;1178.8;1178.2;137;
0da66728-6c30-44c4-9264-df8fac2467ee;2024-05-21T17:17:00Z;1178.8;1178.8;1179;1178.2;178;
0da66728-6c30-44c4-9264-df8fac2467ee;2024-05-21T17:18:00Z;1178.2;1178.4;1179;1178.2;503;
0da66728-6c30-44c4-9264-df8fac2467ee;2024-05-21T17:19:00Z;1179;1178.6;1179;1178.4;200;
0da66728-6c30-44c4-9264-df8fac2467ee;2024-05-21T17:20:00Z;1179;1178.8;1179;1178.4;229;
0da66728-6c30-44c4-9264-df8fac2467ee;2024-05-21T17:21:00Z;1178.8;1178.6;1179.2;1178.6;363;
0da66728-6c30-44c4-9264-df8fac2467ee;2024-05-21T17:22:00Z;1179.2;1178.2;1179.2;1178.2;1315;
0da66728-6c30-44c4-9264-df8fac2467ee;2024-05-21T17:23:00Z;1178.4;1178.4;1178.4;1178.2;79;
0da66728-6c30-44c4-9264-df8fac2467ee;2024-05-21T17:24:00Z;1178.4;1178.2;1178.6;1178.2;217;
0da66728-6c30-44c4-9264-df8fac2467ee;2024-05-21T17:25:00Z;1178.2;1178.2;1178.2;1178;219;
0da66728-6c30-44c4-9264-df8fac2467ee;2024-05-21T17:26:00Z;1178.2;1178.2;1178.2;1178;36;
0da66728-6c30-44c4-9264-df8fac2467ee;2024-05-21T17:27:00Z;1178.2;1178.6;1178.6;1178.2;736;
0da66728-6c30-44c4-9264-df8fac2467ee;2024-05-21T17:28:00Z;1178.6;1178.6;1178.6;1178;174;
0da66728-6c30-44c4-9264-df8fac2467ee;2024-05-21T17:29:00Z;1178.6;1178;1178.6;1177.8;518;
0da66728-6c30-44c4-9264-df8fac2467ee;2024-05-21T17:30:00Z;1178;1177.4;1178;1177;1867;
0da66728-6c30-44c4-9264-df8fac2467ee;2024-05-21T17:31:00Z;1177.4;1177.4;1177.4;1177;167;
0da66728-6c30-44c4-9264-df8fac2467ee;2024-05-21T17:32:00Z;1177.4;1176.6;1177.4;1176.6;631;
0da66728-6c30-44c4-9264-df8fac2467ee;2024-05-21T17:33:00Z;1177;1177;1177.2;1176.4;970;
0da66728-6c30-44c4-9264-df8fac2467ee;2024-05-21T17:34:00Z;1177;1177.4;1177.4;1176.6;205;
0da66728-6c30-44c4-9264-df8fac2467ee;2024-05-21T17:35:00Z;1177.4;1177.4;1177.4;1176.8;78;
0da66728-6c30-44c4-9264-df8fac2467ee;2024-05-21T17:36:00Z;1177.4;1176.6;1177.4;1176.6;742;
0da66728-6c30-44c4-9264-df8fac2467ee;2024-05-21T17:37:00Z;1177.2;1177.2;1177.4;1176.6;274;
0da66728-6c30-44c4-9264-df8fac2467ee;2024-05-21T17:38:00Z;1177.2;1177.4;1177.6;1177.2;242;
0da66728-6c30-44c4-9264-df8fac2467ee;2024-05-21T17:39:00Z;1177.6;1177.2;1177.8;1177.2;607;
0da66728-6c30-44c4-9264-df8fac2467ee;2024-05-21T17:40:00Z;1177.6;1177.4;1177.8;1177.2;129;
0da66728-6c30-44c4-9264-df8fac2467ee;2024-05-21T17:41:00Z;1178;1178;1178;1177.4;113;
0da66728-6c30-44c4-9264-df8fac2467ee;2024-05-21T17:42:00Z;1178;1177.4;1178;1177.4;80;
0da66728-6c30-44c4-9264-df8fac2467ee;2024-05-21T17:43:00Z;1177.8;1177.6;1177.8;1177.2;342;
0da66728-6c30-44c4-9264-df8fac2467ee;2024-05-21T17:44:00Z;1177.6;1177.6;1177.6;1177.2;135;
0da66728-6c30-44c4-9264-df8fac2467ee;2024-05-21T17:45:00Z;1177.6;1177.8;1177.8;1177.2;152;
0da66728-6c30-44c4-9264-df8fac2467ee;2024-05-21T17:46:00Z;1177.8;1178;1178;1177.6;487;
0da66728-6c30-44c4-9264-df8fac2467ee;2024-05-21T17:47:00Z;1178;1177.8;1178;1177.8;122;
0da66728-6c30-44c4-9264-df8fac2467ee;2024-05-21T17:48:00Z;1178;1178;1178.6;1178;1013;
0da66728-6c30-44c4-9264-df8fac2467ee;2024-05-21T17:49:00Z;1178;1178.2;1178.4;1178;229;
0da66728-6c30-44c4-9264-df8fac2467ee;2024-05-21T17:50:00Z;1178.4;1178.4;1178.6;1178.2;375;
0da66728-6c30-44c4-9264-df8fac2467ee;2024-05-21T17:51:00Z;1178.2;1178.6;1178.6;1178.2;306;
0da66728-6c30-44c4-9264-df8fac2467ee;2024-05-21T17:52:00Z;1178.6;1179;1179;1178.2;1522;
0da66728-6c30-44c4-9264-df8fac2467ee;2024-05-21T17:53:00Z;1179;1178.8;1179;1178.4;351;
0da66728-6c30-44c4-9264-df8fac2467ee;2024-05-21T17:54:00Z;1179;1179.4;1179.4;1178.8;133;
0da66728-6c30-44c4-9264-df8fac2467ee;2024-05-21T17:55:00Z;1179.4;1179;1179.4;1179;56;
0da66728-6c30-44c4-9264-df8fac2467ee;2024-05-21T17:56:00Z;1179.4;1179.2;1179.4;1179;69;
0da66728-6c30-44c4-9264-df8fac2467ee;2024-05-21T17:57:00Z;1179.2;1179.4;1179.4;1179;310;
0da66728-6c30-44c4-9264-df8fac2467ee;2024-05-21T17:58:00Z;1179.4;1179;1179.4;1179;231;
0da66728-6c30-44c4-9264-df8fac2467ee;2024-05-21T17:59:00Z;1179;1179.2;1179.2;1178.8;242;
0da66728-6c30-44c4-9264-df8fac2467ee;2024-05-21T18:00:00Z;1179.2;1179.2;1179.2;1178.8;318;
0da66728-6c30-44c4-9264-df8fac2467ee;2024-05-21T18:01:00Z;1178.6;1179.2;1179.2;1178.6;376;
0da66728-6c30-44c4-9264-df8fac2467ee;2024-05-21T18:02:00Z;1179.2;1179.4;1179.4;1179.2;106;
0da66728-6c30-44c4-9264-df8fac2467ee;2024-05-21T18:03:00Z;1179.2;1179;1179.4;1179;334;
0da66728-6c30-44c4-9264-df8fac2467ee;2024-05-21T18:04:00Z;1179.4;1179.2;1179.4;1178.8;904;
0da66728-6c30-44c4-9264-df8fac2467ee;2024-05-21T18:05:00Z;1179.2;1179.2;1179.2;1178.4;452;
0da66728-6c30-44c4-9264-df8fac2467ee;2024-05-21T18:06:00Z;1178.4;1178.2;1179.4;1178.2;944;
0da66728-6c30-44c4-9264-df8fac2467ee;2024-05-21T18:07:00Z;1178.8;1179.2;1179.4;1178.6;522;
0da66728-6c30-44c4-9264-df8fac2467ee;2024-05-21T18:08:00Z;1179.2;1178.6;1179.4;1178.6;313;
0da66728-6c30-44c4-9264-df8fac2467ee;2024-05-21T18:09:00Z;1178.8;1179.2;1179.4;1178.6;278;
0da66728-6c30-44c4-9264-df8fac2467ee;2024-05-21T18:10:00Z;1179;1179;1179.2;1178.4;346;
0da66728-6c30-44c4-9264-df8fac2467ee;2024-05-21T18:11:00Z;1179;1178.4;1179;1178.4;489;
0da66728-6c30-44c4-9264-df8fac2467ee;2024-05-21T18:12:00Z;1179;1179;1179;1178.4;466;
0da66728-6c30-44c4-9264-df8fac2467ee;2024-05-21T18:13:00Z;1179;1177.8;1179.2;1177.2;3933;
0da66728-6c30-44c4-9264-df8fac2467ee;2024-05-21T18:14:00Z;1177.6;1176.8;1177.8;1176.8;1048;
0da66728-6c30-44c4-9264-df8fac2467ee;2024-05-21T18:15:00Z;1177;1175.6;1177;1175;3886;
0da66728-6c30-44c4-9264-df8fac2467ee;2024-05-21T18:16:00Z;1176;1176;1176;1175.6;326;
0da66728-6c30-44c4-9264-df8fac2467ee;2024-05-21T18:17:00Z;1175.8;1176;1176;1175.6;312;
0da66728-6c30-44c4-9264-df8fac2467ee;2024-05-21T18:18:00Z;1176;1176.6;1176.8;1175.8;1084;
0da66728-6c30-44c4-9264-df8fac2467ee;2024-05-21T18:19:00Z;1176.6;1176.4;1177;1176;803;
0da66728-6c30-44c4-9264-df8fac2467ee;2024-05-21T18:20:00Z;1176.4;1176.4;1176.4;1176;189;
0da66728-6c30-44c4-9264-df8fac2467ee;2024-05-21T18:21:00Z;1176.4;1176.2;1176.4;1176;48;
0da66728-6c30-44c4-9264-df8fac2467ee;2024-05-21T18:22:00Z;1176.4;1176.4;1176.6;1176.4;55;
0da66728-6c30-44c4-9264-df8fac2467ee;2024-05-21T18:23:00Z;1176.6;1176.4;1176.6;1176.4;118;
0da66728-6c30-44c4-9264-df8fac2467ee;2024-05-21T18:24:00Z;1176.6;1176.6;1176.6;1176.2;175;
0da66728-6c30-44c4-9264-df8fac2467ee;2024-05-21T18:25:00Z;1176.2;1176.2;1176.6;1175.8;676;
0da66728-6c30-44c4-9264-df8fac2467ee;2024-05-21T18:26:00Z;1176;1176.6;1176.6;1176;156;
0da66728-6c30-44c4-9264-df8fac2467ee;2024-05-21T18:27:00Z;1176.6;1177;1177;1176.4;101;
0da66728-6c30-44c4-9264-df8fac2467ee;2024-05-21T18:28:00Z;1177;1177;1177;1176.2;182;
0da66728-6c30-44c4-9264-df8fac2467ee;2024-05-21T18:29:00Z;1177;1177;1177.2;1176.4;60;
0da66728-6c30-44c4-9264-df8fac2467ee;2024-05-21T18:30:00Z;1177;1176.6;1177;1176.2;123;
0da66728-6c30-44c4-9264-df8fac2467ee;2024-05-21T18:31:00Z;1176.6;1177.2;1177.4;1176.2;345;
0da66728-6c30-44c4-9264-df8fac2467ee;2024-05-21T18:32:00Z;1177;1177;1177;1176.2;177;
0da66728-6c30-44c4-9264-df8fac2467ee;2024-05-21T18:33:00Z;1177;1176.4;1177;1176.2;210;
0da66728-6c30-44c4-9264-df8fac2467ee;2024-05-21T18:34:00Z;1176.4;1176.6;1176.6;1176;629;
0da66728-6c30-44c4-9264-df8fac2467ee;2024-05-21T18:35:00Z;1176.4;1176;1176.4;1176;250;
0da66728-6c30-44c4-9264-df8fac2467ee;2024-05-21T18:36:00Z;1176.4;1176.4;1176.4;1176;519;
0da66728-6c30-44c4-9264-df8fac2467ee;2024-05-21T18:37:00Z;1177;1177.2;1177.2;1176.6;268;
0da66728-6c30-44c4-9264-df8fac2467ee;2024-05-21T18:38:00Z;1176.8;1176.8;1177.6;1176.8;950;
0da66728-6c30-44c4-9264-df8fac2467ee;2024-05-21T18:39:00Z;1177.4;1177.4;1177.6;1176.6;433;
0da66728-6c30-44c4-9264-df8fac2467ee;2024-05-21T18:40:00Z;1176.8;1177.4;1177.4;1176.6;231;
0da66728-6c30-44c4-9264-df8fac2467ee;2024-05-21T18:41:00Z;1177.4;1176.8;1177.4;1176.8;155;
0da66728-6c30-44c4-9264-df8fac2467ee;2024-05-21T18:42:00Z;1177;1176.8;1177.2;1176.8;122;
0da66728-6c30-44c4-9264-df8fac2467ee;2024-05-21T18:43:00Z;1176.8;1177.4;1177.4;1176.6;141;
0da66728-6c30-44c4-9264-df8fac2467ee;2024-05-21T18:44:00Z;1177.4;1177.4;1177.4;1176.4;495;
0da66728-6c30-44c4-9264-df8fac2467ee;2024-05-21T18:45:00Z;1177.4;1176.6;1177.4;1176.6;57;
0da66728-6c30-44c4-9264-df8fac2467ee;2024-05-21T18:46:00Z;1176.6;1176.6;1176.6;1176.4;102;
0da66728-6c30-44c4-9264-df8fac2467ee;2024-05-21T18:47:00Z;1176.6;1176.8;1177;1176.4;2069;
0da66728-6c30-44c4-9264-df8fac2467ee;2024-05-21T18:48:00Z;1176.8;1176.8;1176.8;1176.6;64;
0da66728-6c30-44c4-9264-df8fac2467ee;2024-05-21T18:49:00Z;1176.6;1176.8;1176.8;1176.2;156;
0da66728-6c30-44c4-9264-df8fac2467ee;2024-05-21T18:50:00Z;1176.6;1176.8;1176.8;1176.4;52;
0da66728-6c30-44c4-9264-df8fac2467ee;2024-05-21T18:51:00Z;1176.6;1176.2;1176.8;1175.8;2028;
0da66728-6c30-44c4-9264-df8fac2467ee;2024-05-21T18:52:00Z;1176.4;1176.4;1176.4;1176.4;46;
0da66728-6c30-44c4-9264-df8fac2467ee;2024-05-21T18:53:00Z;1176.4;1175.6;1176.4;1175.6;246;
0da66728-6c30-44c4-9264-df8fac2467ee;2024-05-21T18:54:00Z;1176.2;1176.4;1176.4;1176;159;
0da66728-6c30-44c4-9264-df8fac2467ee;2024-05-21T18:55:00Z;1176;1176;1176;1175.6;104;
0da66728-6c30-44c4-9264-df8fac2467ee;2024-05-21T18:56:00Z;1176;1175.8;1176;1175.6;240;
0da66728-6c30-44c4-9264-df8fac2467ee;2024-05-21T18:57:00Z;1175.8;1174.8;1175.8;1174.2;3972;
0da66728-6c30-44c4-9264-df8fac2467ee;2024-05-21T18:58:00Z;1174.2;1173.8;1174.8;1173.4;2175;
0da66728-6c30-44c4-9264-df8fac2467ee;2024-05-21T18:59:00Z;1173.8;1173.8;1174;1173.6;161;
0da66728-6c30-44c4-9264-df8fac2467ee;2024-05-21T19:00:00Z;1173.8;1174;1174;1173.4;1142;
0da66728-6c30-44c4-9264-df8fac2467ee;2024-05-21T19:01:00Z;1174;1174;1174;1173.6;147;
0da66728-6c30-44c4-9264-df8fac2467ee;2024-05-21T19:02:00Z;1174;1174;1174;1173.8;463;
0da66728-6c30-44c4-9264-df8fac2467ee;2024-05-21T19:03:00Z;1174;1174;1174;1173.8;503;
0da66728-6c30-44c4-9264-df8fac2467ee;2024-05-21T19:04:00Z;1174;1174;1174;1173.8;106;
0da66728-6c30-44c4-9264-df8fac2467ee;2024-05-21T19:05:00Z;1174;1174;1174;1173.8;857;
0da66728-6c30-44c4-9264-df8fac2467ee;2024-05-21T19:06:00Z;1174.6;1174.8;1174.8;1174.2;299;
0da66728-6c30-44c4-9264-df8fac2467ee;2024-05-21T19:07:00Z;1174.8;1175.2;1175.2;1174.4;333;
0da66728-6c30-44c4-9264-df8fac2467ee;2024-05-21T19:08:00Z;1175.2;1175.2;1175.6;1175;349;
0da66728-6c30-44c4-9264-df8fac2467ee;2024-05-21T19:09:00Z;1175;1175;1175.2;1174.8;115;
0da66728-6c30-44c4-9264-df8fac2467ee;2024-05-21T19:10:00Z;1175;1175;1175.2;1175;117;
0da66728-6c30-44c4-9264-df8fac2467ee;2024-05-21T19:11:00Z;1175.2;1175.2;1175.4;1175;27;
0da66728-6c30-44c4-9264-df8fac2467ee;2024-05-21T19:12:00Z;1175.2;1175.2;1175.2;1175;110;
0da66728-6c30-44c4-9264-df8fac2467ee;2024-05-21T19:13:00Z;1175;1175.4;1175.4;1175;108;
0da66728-6c30-44c4-9264-df8fac2467ee;2024-05-21T19:14:00Z;1175.2;1175;1175.2;1174.4;433;
0da66728-6c30-44c4-9264-df8fac2467ee;2024-05-21T19:15:00Z;1174.8;1175;1175;1174.2;133;
0da66728-6c30-44c4-9264-df8fac2467ee;2024-05-21T19:16:00Z;1175;1175.4;1175.4;1174.6;337;
0da66728-6c30-44c4-9264-df8fac2467ee;2024-05-21T19:17:00Z;1174.6;1175.4;1175.4;1174.6;404;
0da66728-6c30-44c4-9264-df8fac2467ee;2024-05-21T19:18:00Z;1175.4;1175.4;1175.4;1174.8;128;
0da66728-6c30-44c4-9264-df8fac2467ee;2024-05-21T19:19:00Z;1175.4;1174.4;1175.4;1174.4;580;
0da66728-6c30-44c4-9264-df8fac2467ee;2024-05-21T19:20:00Z;1174.4;1174.4;1174.4;1174.2;125;
0da66728-6c30-44c4-9264-df8fac2467ee;2024-05-21T19:21:00Z;1174.4;1175;1175;1174.2;488;
0da66728-6c30-44c4-9264-df8fac2467ee;2024-05-21T19:22:00Z;1175;1174.8;1175;1174.4;238;
0da66728-6c30-44c4-9264-df8fac2467ee;2024-05-21T19:23:00Z;1174.8;1175;1175;1174.4;99;
0da66728-6c30-44c4-9264-df8fac2467ee;2024-05-21T19:24:00Z;1175;1175;1175;1175;22;
0da66728-6c30-44c4-9264-df8fac2467ee;2024-05-21T19:25:00Z;1175;1175;1175;1174.8;32;
0da66728-6c30-44c4-9264-df8fac2467ee;2024-05-21T19:26:00Z;1175;1174.6;1175;1174.4;91;
0da66728-6c30-44c4-9264-df8fac2467ee;2024-05-21T19:27:00Z;1174.8;1174.8;1174.8;1174.4;36;
0da66728-6c30-44c4-9264-df8fac2467ee;2024-05-21T19:28:00Z;1174.8;1175;1175;1174.6;74;
0da66728-6c30-44c4-9264-df8fac2467ee;2024-05-21T19:29:00Z;1175;1175.6;1175.6;1174.8;249;
0da66728-6c30-44c4-9264-df8fac2467ee;2024-05-21T19:30:00Z;1175;1175;1175.6;1174.8;73;
0da66728-6c30-44c4-9264-df8fac2467ee;2024-05-21T19:31:00Z;1175;1175.4;1175.4;1174.6;111;
0da66728-6c30-44c4-9264-df8fac2467ee;2024-05-21T19:32:00Z;1175.4;1175.4;1175.8;1174.6;636;
0da66728-6c30-44c4-9264-df8fac2467ee;2024-05-21T19:33:00Z;1175.4;1175.6;1175.6;1175;344;
0da66728-6c30-44c4-9264-df8fac2467ee;2024-05-21T19:34:00Z;1175.6;1175.6;1175.6;1175.4;273;
0da66728-6c30-44c4-9264-df8fac2467ee;2024-05-21T19:35:00Z;1175.4;1175.2;1175.4;1175;827;
0da66728-6c30-44c4-9264-df8fac2467ee;2024-05-21T19:36:00Z;1175.2;1175;1175.2;1174.8;215;
0da66728-6c30-44c4-9264-df8fac2467ee;2024-05-21T19:37:00Z;1175.2;1175.2;1175.2;1175;143;
0da66728-6c30-44c4-9264-df8fac2467ee;2024-05-21T19:38:00Z;1175.2;1175.4;1175.4;1175.2;82;
0da66728-6c30-44c4-9264-df8fac2467ee;2024-05-21T19:39:00Z;1175.4;1175.4;1175.6;1175.4;526;
0da66728-6c30-44c4-9264-df8fac2467ee;2024-05-21T19:40:00Z;1175.4;1175;1175.4;1175;33;
0da66728-6c30-44c4-9264-df8fac2467ee;2024-05-21T19:41:00Z;1175.4;1175;1175.4;1174.8;187;
0da66728-6c30-44c4-9264-df8fac2467ee;2024-05-21T19:42:00Z;1175;1175.4;1175.4;1174.8;174;
0da66728-6c30-44c4-9264-df8fac2467ee;2024-05-21T19:43:00Z;1175.4;1175.4;1175.4;1175;162;
0da66728-6c30-44c4-9264-df8fac2467ee;2024-05-21T19:44:00Z;1175.4;1175.4;1175.6;1175;181;
0da66728-6c30-44c4-9264-df8fac2467ee;2024-05-21T19:45:00Z;1175;1175;1175.6;1175;234;
0da66728-6c30-44c4-9264-df8fac2467ee;2024-05-21T19:46:00Z;1175.4;1175;1175.4;1175;84;
0da66728-6c30-44c4-9264-df8fac2467ee;2024-05-21T19:47:00Z;1175.4;1175.4;1175.4;1175;52;
0da66728-6c30-44c4-9264-df8fac2467ee;2024-05-21T19:48:00Z;1175.2;1175.4;1175.4;1175;100;
0da66728-6c30-44c4-9264-df8fac2467ee;2024-05-21T19:49:00Z;1175;1175.4;1175.4;1175;360;
0da66728-6c30-44c4-9264-df8fac2467ee;2024-05-21T19:50:00Z;1175.4;1175.4;1175.4;1175.4;35;
0da66728-6c30-44c4-9264-df8fac2467ee;2024-05-21T19:51:00Z;1175.4;1175.6;1175.6;1175;204;
0da66728-6c30-44c4-9264-df8fac2467ee;2024-05-21T19:52:00Z;1175.6;1175.6;1175.6;1175;34;
0da66728-6c30-44c4-9264-df8fac2467ee;2024-05-21T19:53:00Z;1175.6;1175.6;1175.6;1175;167;
0da66728-6c30-44c4-9264-df8fac2467ee;2024-05-21T19:54:00Z;1175.6;1175;1175.8;1175;311;
0da66728-6c30-44c4-9264-df8fac2467ee;2024-05-21T19:55:00Z;1175.8;1175;1175.8;1175;86;
0da66728-6c30-44c4-9264-df8fac2467ee;2024-05-21T19:56:00Z;1175.4;1175.8;1175.8;1175.2;248;
0da66728-6c30-44c4-9264-df8fac2467ee;2024-05-21T19:57:00Z;1175.8;1175.8;1175.8;1175.4;57;
0da66728-6c30-44c4-9264-df8fac2467ee;2024-05-21T19:58:00Z;1175.4;1175.8;1175.8;1175.4;183;
0da66728-6c30-44c4-9264-df8fac2467ee;2024-05-21T19:59:00Z;1175.8;1176;1176;1175.8;104;
0da66728-6c30-44c4-9264-df8fac2467ee;2024-05-21T20:00:00Z;1176;1176;1176;1175.8;21;
0da66728-6c30-44c4-9264-df8fac2467ee;2024-05-21T20:01:00Z;1176;1176.8;1176.8;1176;1087;
0da66728-6c30-44c4-9264-df8fac2467ee;2024-05-21T20:02:00Z;1176.8;1177;1177;1176;755;
0da66728-6c30-44c4-9264-df8fac2467ee;2024-05-21T20:03:00Z;1177;1177;1177;1176.8;37;
0da66728-6c30-44c4-9264-df8fac2467ee;2024-05-21T20:04:00Z;1177;1176.8;1177;1176.6;75;
0da66728-6c30-44c4-9264-df8fac2467ee;2024-05-21T20:05:00Z;1176.6;1176.6;1177;1176.6;553;
0da66728-6c30-44c4-9264-df8fac2467ee;2024-05-21T20:06:00Z;1176.8;1177;1177;1176.6;2511;
0da66728-6c30-44c4-9264-df8fac2467ee;2024-05-21T20:07:00Z;1177;1177;1177;1176.8;278;
0da66728-6c30-44c4-9264-df8fac2467ee;2024-05-21T20:08:00Z;1177;1177;1177;1176.8;31;
0da66728-6c30-44c4-9264-df8fac2467ee;2024-05-21T20:09:00Z;1177;1177;1177;1176.8;150;
0da66728-6c30-44c4-9264-df8fac2467ee;2024-05-21T20:10:00Z;1177;1177;1177;1176.8;272;
0da66728-6c30-44c4-9264-df8fac2467ee;2024-05-21T20:11:00Z;1177;1177;1177;1176.8;24;
0da66728-6c30-44c4-9264-df8fac2467ee;2024-05-21T20:12:00Z;1177;1177.6;1177.6;1176.8;92;
0da66728-6c30-44c4-9264-df8fac2467ee;2024-05-21T20:13:00Z;1177.8;1177;1177.8;1177;232;
0da66728-6c30-44c4-9264-df8fac2467ee;2024-05-21T20:14:00Z;1177.2;1178;1178;1177.2;601;
0da66728-6c30-44c4-9264-df8fac2467ee;2024-05-21T20:15:00Z;1178;1177.6;1178;1177.6;229;
0da66728-6c30-44c4-9264-df8fac2467ee;2024-05-21T20:16:00Z;1177.6;1178;1178.6;1177.6;941;
0da66728-6c30-44c4-9264-df8fac2467ee;2024-05-21T20:17:00Z;1178.2;1178.8;1178.8;1178.2;481;
0da66728-6c30-44c4-9264-df8fac2467ee;2024-05-21T20:18:00Z;1178.6;1178.8;1178.8;1178.6;81;
0da66728-6c30-44c4-9264-df8fac2467ee;2024-05-21T20:19:00Z;1178.8;1178.2;1178.8;1178.2;186;
0da66728-6c30-44c4-9264-df8fac2467ee;2024-05-21T20:20:00Z;1178.2;1178.6;1178.8;1178.2;282;
0da66728-6c30-44c4-9264-df8fac2467ee;2024-05-21T20:21:00Z;1178.6;1178.8;1178.8;1178.2;203;
0da66728-6c30-44c4-9264-df8fac2467ee;2024-05-21T20:22:00Z;1178.8;1179;1179;1178.6;357;
0da66728-6c30-44c4-9264-df8fac2467ee;2024-05-21T20:23:00Z;1178.8;1179;1179.2;1178.8;951;
0da66728-6c30-44c4-9264-df8fac2467ee;2024-05-21T20:24:00Z;1179.2;1179;1179.2;1178.8;432;
0da66728-6c30-44c4-9264-df8fac2467ee;2024-05-21T20:25:00Z;1178.8;1179;1179;1178.8;808;
0da66728-6c30-44c4-9264-df8fac2467ee;2024-05-21T20:26:00Z;1179;1179;1179.6;1178.4;1741;
0da66728-6c30-44c4-9264-df8fac2467ee;2024-05-21T20:27:00Z;1179;1179;1179;1178.8;120;
0da66728-6c30-44c4-9264-df8fac2467ee;2024-05-21T20:28:00Z;1179;1179;1179;1178.6;58;
0da66728-6c30-44c4-9264-df8fac2467ee;2024-05-21T20:29:00Z;1178.8;1178.4;1179;1178.4;131;
0da66728-6c30-44c4-9264-df8fac2467ee;2024-05-21T20:30:00Z;1178.8;1178.6;1178.8;1178;151;
0da66728-6c30-44c4-9264-df8fac2467ee;2024-05-21T20:31:00Z;1178.6;1178.6;1178.6;1178.2;54;
0da66728-6c30-44c4-9264-df8fac2467ee;2024-05-21T20:32:00Z;1178.6;1178.6;1178.6;1178.4;312;
0da66728-6c30-44c4-9264-df8fac2467ee;2024-05-21T20:33:00Z;1178.4;1178.2;1178.6;1177.4;965;
0da66728-6c30-44c4-9264-df8fac2467ee;2024-05-21T20:34:00Z;1178.2;1178.2;1178.4;1177.8;169;
0da66728-6c30-44c4-9264-df8fac2467ee;2024-05-21T20:35:00Z;1178.2;1178;1178.2;1178;146;
0da66728-6c30-44c4-9264-df8fac2467ee;2024-05-21T20:36:00Z;1177.8;1178;1178;1177.6;91;
0da66728-6c30-44c4-9264-df8fac2467ee;2024-05-21T20:37:00Z;1177.8;1177.8;1178;1177.4;142;
0da66728-6c30-44c4-9264-df8fac2467ee;2024-05-21T20:38:00Z;1178;1177.4;1178;1177.2;607;
0da66728-6c30-44c4-9264-df8fac2467ee;2024-05-21T20:39:00Z;1177.4;1178;1178;1177.4;241;
0da66728-6c30-44c4-9264-df8fac2467ee;2024-05-21T20:40:00Z;1177.8;1178;1178;1177.8;582;
0da66728-6c30-44c4-9264-df8fac2467ee;2024-05-21T20:41:00Z;1177.8;1178;1178;1177.6;272;
0da66728-6c30-44c4-9264-df8fac2467ee;2024-05-21T20:42:00Z;1178;1178;1178;1177.4;146;
0da66728-6c30-44c4-9264-df8fac2467ee;2024-05-21T20:43:00Z;1178;1176.4;1178;1176.2;2700;
0da66728-6c30-44c4-9264-df8fac2467ee;2024-05-21T20:44:00Z;1176.4;1176.4;1176.4;1176.2;49;
0da66728-6c30-44c4-9264-df8fac2467ee;2024-05-21T20:45:00Z;1176.4;1176.4;1176.4;1175.8;1432;
0da66728-6c30-44c4-9264-df8fac2467ee;2024-05-21T20:46:00Z;1175.8;1176.4;1176.4;1175.8;70;
0da66728-6c30-44c4-9264-df8fac2467ee;2024-05-21T20:47:00Z;1176;1176;1176;1175.8;105;
0da66728-6c30-44c4-9264-df8fac2467ee;2024-05-21T20:48:00Z;1176;1175.8;1176;1175.6;586;
0da66728-6c30-44c4-9264-df8fac2467ee;2024-05-21T20:49:00Z;1175.8;1176;1176;1175.8;585;
