9978b56f-782a-4a80-a4b1-a48cbecfd194;2025-03-16T00:03:00Z;6551;6551;6551;6551;2;
9978b56f-782a-4a80-a4b1-a48cbecfd194;2025-03-16T00:09:00Z;6567;6567;6567;6567;1;
9978b56f-782a-4a80-a4b1-a48cbecfd194;2025-03-16T00:12:00Z;6568;6552;6569;6552;23;
9978b56f-782a-4a80-a4b1-a48cbecfd194;2025-03-16T00:28:00Z;6552;6552;6552;6552;1;
9978b56f-782a-4a80-a4b1-a48cbecfd194;2025-03-16T00:36:00Z;6547;6547;6547;6547;4;
9978b56f-782a-4a80-a4b1-a48cbecfd194;2025-03-16T00:44:00Z;6547;6547;6547;6547;1;
9978b56f-782a-4a80-a4b1-a48cbecfd194;2025-03-16T00:49:00Z;6568;6568;6568;6568;1;
9978b56f-782a-4a80-a4b1-a48cbecfd194;2025-03-16T00:56:00Z;6568;6568;6568;6568;1;
9978b56f-782a-4a80-a4b1-a48cbecfd194;2025-03-16T01:02:00Z;6548;6543;6548;6543;15;
9978b56f-782a-4a80-a4b1-a48cbecfd194;2025-03-16T01:08:00Z;6543;6531;6543;6531;8;
9978b56f-782a-4a80-a4b1-a48cbecfd194;2025-03-16T01:27:00Z;6555;6555;6555;6555;1;
9978b56f-782a-4a80-a4b1-a48cbecfd194;2025-03-16T01:38:00Z;6555;6555;6555;6555;1;
9978b56f-782a-4a80-a4b1-a48cbecfd194;2025-03-16T01:41:00Z;6534;6534;6534;6534;1;
9978b56f-782a-4a80-a4b1-a48cbecfd194;2025-03-16T01:47:00Z;6554;6554;6554;6554;1;
9978b56f-782a-4a80-a4b1-a48cbecfd194;2025-03-16T01:50:00Z;6534;6534;6534;6534;1;
9978b56f-782a-4a80-a4b1-a48cbecfd194;2025-03-16T02:11:00Z;6535;6535;6535;6535;2;
9978b56f-782a-4a80-a4b1-a48cbecfd194;2025-03-16T02:54:00Z;6543;6543;6543;6543;1;
9978b56f-782a-4a80-a4b1-a48cbecfd194;2025-03-16T03:00:00Z;6543;6567;6567;6543;11;
9978b56f-782a-4a80-a4b1-a48cbecfd194;2025-03-16T03:05:00Z;6568;6569;6569;6568;4;
9978b56f-782a-4a80-a4b1-a48cbecfd194;2025-03-16T03:18:00Z;6543;6543;6543;6543;1;
9978b56f-782a-4a80-a4b1-a48cbecfd194;2025-03-16T03:29:00Z;6564;6564;6564;6564;1;
9978b56f-782a-4a80-a4b1-a48cbecfd194;2025-03-16T03:34:00Z;6545;6545;6545;6545;8;
9978b56f-782a-4a80-a4b1-a48cbecfd194;2025-03-16T03:37:00Z;6538;6538;6538;6538;1;
9978b56f-782a-4a80-a4b1-a48cbecfd194;2025-03-16T03:44:00Z;6540;6540;6540;6540;1;
9978b56f-782a-4a80-a4b1-a48cbecfd194;2025-03-16T03:55:00Z;6544;6544;6544;6544;1;
9978b56f-782a-4a80-a4b1-a48cbecfd194;2025-03-16T04:05:00Z;6544;6545;6545;6544;6;
9978b56f-782a-4a80-a4b1-a48cbecfd194;2025-03-16T04:12:00Z;6549;6545;6550;6545;6;
9978b56f-782a-4a80-a4b1-a48cbecfd194;2025-03-16T04:15:00Z;6545;6545;6545;6545;9;
9978b56f-782a-4a80-a4b1-a48cbecfd194;2025-03-16T04:30:00Z;6553;6553;6553;6553;2;
9978b56f-782a-4a80-a4b1-a48cbecfd194;2025-03-16T04:31:00Z;6545;6545;6545;6545;1;
9978b56f-782a-4a80-a4b1-a48cbecfd194;2025-03-16T04:41:00Z;6553;6545;6553;6545;2;
9978b56f-782a-4a80-a4b1-a48cbecfd194;2025-03-16T04:42:00Z;6553;6570;6570;6553;21;
9978b56f-782a-4a80-a4b1-a48cbecfd194;2025-03-16T04:53:00Z;6565;6565;6565;6565;1;
9978b56f-782a-4a80-a4b1-a48cbecfd194;2025-03-16T05:02:00Z;6565;6565;6565;6565;1;
9978b56f-782a-4a80-a4b1-a48cbecfd194;2025-03-16T05:12:00Z;6565;6569;6569;6565;5;
9978b56f-782a-4a80-a4b1-a48cbecfd194;2025-03-16T05:15:00Z;6548;6548;6548;6548;1;
9978b56f-782a-4a80-a4b1-a48cbecfd194;2025-03-16T05:18:00Z;6550;6569;6569;6550;6;
9978b56f-782a-4a80-a4b1-a48cbecfd194;2025-03-16T05:24:00Z;6569;6569;6569;6569;10;
9978b56f-782a-4a80-a4b1-a48cbecfd194;2025-03-16T05:32:00Z;6569;6569;6569;6569;2;
9978b56f-782a-4a80-a4b1-a48cbecfd194;2025-03-16T05:33:00Z;6549;6549;6549;6549;1;
9978b56f-782a-4a80-a4b1-a48cbecfd194;2025-03-16T05:36:00Z;6549;6549;6549;6549;1;
9978b56f-782a-4a80-a4b1-a48cbecfd194;2025-03-16T05:37:00Z;6549;6549;6549;6549;2;
9978b56f-782a-4a80-a4b1-a48cbecfd194;2025-03-16T05:44:00Z;6568;6568;6568;6568;1;
9978b56f-782a-4a80-a4b1-a48cbecfd194;2025-03-16T05:48:00Z;6568;6568;6568;6568;4;
9978b56f-782a-4a80-a4b1-a48cbecfd194;2025-03-16T06:07:00Z;6568;6568;6568;6568;1;
9978b56f-782a-4a80-a4b1-a48cbecfd194;2025-03-16T06:15:00Z;6568;6561;6568;6561;2;
9978b56f-782a-4a80-a4b1-a48cbecfd194;2025-03-16T06:17:00Z;6568;6568;6568;6568;2;
9978b56f-782a-4a80-a4b1-a48cbecfd194;2025-03-16T06:20:00Z;6561;6561;6561;6561;2;
9978b56f-782a-4a80-a4b1-a48cbecfd194;2025-03-16T06:24:00Z;6568;6568;6568;6568;1;
9978b56f-782a-4a80-a4b1-a48cbecfd194;2025-03-16T06:26:00Z;6560;6555;6560;6555;3;
9978b56f-782a-4a80-a4b1-a48cbecfd194;2025-03-16T06:29:00Z;6568;6568;6568;6568;1;
9978b56f-782a-4a80-a4b1-a48cbecfd194;2025-03-16T06:33:00Z;6556;6555;6556;6555;4;
9978b56f-782a-4a80-a4b1-a48cbecfd194;2025-03-16T07:00:00Z;6552;6551;6577;6550;109;
9978b56f-782a-4a80-a4b1-a48cbecfd194;2025-03-16T07:01:00Z;6554;6554;6554;6554;1;
9978b56f-782a-4a80-a4b1-a48cbecfd194;2025-03-16T07:04:00Z;6558;6559;6559;6558;6;
9978b56f-782a-4a80-a4b1-a48cbecfd194;2025-03-16T07:05:00Z;6559;6559;6559;6559;3;
9978b56f-782a-4a80-a4b1-a48cbecfd194;2025-03-16T07:06:00Z;6558;6558;6558;6558;1;
9978b56f-782a-4a80-a4b1-a48cbecfd194;2025-03-16T07:08:00Z;6550;6550;6556;6550;6;
9978b56f-782a-4a80-a4b1-a48cbecfd194;2025-03-16T07:09:00Z;6551;6555;6555;6551;2;
9978b56f-782a-4a80-a4b1-a48cbecfd194;2025-03-16T07:10:00Z;6551;6555;6555;6551;4;
9978b56f-782a-4a80-a4b1-a48cbecfd194;2025-03-16T07:11:00Z;6557;6557;6557;6557;1;
9978b56f-782a-4a80-a4b1-a48cbecfd194;2025-03-16T07:12:00Z;6557;6557;6557;6557;2;
9978b56f-782a-4a80-a4b1-a48cbecfd194;2025-03-16T07:14:00Z;6557;6557;6557;6557;10;
9978b56f-782a-4a80-a4b1-a48cbecfd194;2025-03-16T07:16:00Z;6558;6558;6558;6558;2;
9978b56f-782a-4a80-a4b1-a48cbecfd194;2025-03-16T07:17:00Z;6557;6557;6557;6557;7;
9978b56f-782a-4a80-a4b1-a48cbecfd194;2025-03-16T07:18:00Z;6558;6558;6558;6557;12;
9978b56f-782a-4a80-a4b1-a48cbecfd194;2025-03-16T07:19:00Z;6557;6557;6557;6557;12;
9978b56f-782a-4a80-a4b1-a48cbecfd194;2025-03-16T07:20:00Z;6557;6557;6557;6557;3;
9978b56f-782a-4a80-a4b1-a48cbecfd194;2025-03-16T07:23:00Z;6557;6558;6558;6556;22;
9978b56f-782a-4a80-a4b1-a48cbecfd194;2025-03-16T07:24:00Z;6558;6558;6558;6558;2;
9978b56f-782a-4a80-a4b1-a48cbecfd194;2025-03-16T07:25:00Z;6558;6555;6558;6555;6;
9978b56f-782a-4a80-a4b1-a48cbecfd194;2025-03-16T07:26:00Z;6556;6556;6556;6556;1;
9978b56f-782a-4a80-a4b1-a48cbecfd194;2025-03-16T07:27:00Z;6558;6558;6558;6558;2;
9978b56f-782a-4a80-a4b1-a48cbecfd194;2025-03-16T07:28:00Z;6558;6558;6558;6558;1;
9978b56f-782a-4a80-a4b1-a48cbecfd194;2025-03-16T07:29:00Z;6558;6558;6558;6558;5;
9978b56f-782a-4a80-a4b1-a48cbecfd194;2025-03-16T07:30:00Z;6558;6559;6559;6558;11;
9978b56f-782a-4a80-a4b1-a48cbecfd194;2025-03-16T07:31:00Z;6559;6559;6559;6559;5;
9978b56f-782a-4a80-a4b1-a48cbecfd194;2025-03-16T07:33:00Z;6559;6559;6559;6559;11;
9978b56f-782a-4a80-a4b1-a48cbecfd194;2025-03-16T07:34:00Z;6559;6559;6559;6559;5;
9978b56f-782a-4a80-a4b1-a48cbecfd194;2025-03-16T07:35:00Z;6559;6559;6559;6559;1;
9978b56f-782a-4a80-a4b1-a48cbecfd194;2025-03-16T07:36:00Z;6559;6559;6559;6559;44;
9978b56f-782a-4a80-a4b1-a48cbecfd194;2025-03-16T07:38:00Z;6559;6560;6560;6559;2;
9978b56f-782a-4a80-a4b1-a48cbecfd194;2025-03-16T07:39:00Z;6560;6560;6560;6560;1;
9978b56f-782a-4a80-a4b1-a48cbecfd194;2025-03-16T07:40:00Z;6559;6559;6559;6559;3;
9978b56f-782a-4a80-a4b1-a48cbecfd194;2025-03-16T07:41:00Z;6555;6555;6555;6555;1;
9978b56f-782a-4a80-a4b1-a48cbecfd194;2025-03-16T07:44:00Z;6559;6560;6560;6559;23;
9978b56f-782a-4a80-a4b1-a48cbecfd194;2025-03-16T07:46:00Z;6557;6560;6560;6555;20;
9978b56f-782a-4a80-a4b1-a48cbecfd194;2025-03-16T07:47:00Z;6560;6564;6564;6560;16;
9978b56f-782a-4a80-a4b1-a48cbecfd194;2025-03-16T07:48:00Z;6564;6564;6564;6564;1;
9978b56f-782a-4a80-a4b1-a48cbecfd194;2025-03-16T07:50:00Z;6564;6564;6564;6564;6;
9978b56f-782a-4a80-a4b1-a48cbecfd194;2025-03-16T07:51:00Z;6564;6564;6564;6564;2;
9978b56f-782a-4a80-a4b1-a48cbecfd194;2025-03-16T07:52:00Z;6564;6564;6564;6564;1;
9978b56f-782a-4a80-a4b1-a48cbecfd194;2025-03-16T07:54:00Z;6560;6560;6560;6560;1;
9978b56f-782a-4a80-a4b1-a48cbecfd194;2025-03-16T07:55:00Z;6564;6561;6564;6561;6;
9978b56f-782a-4a80-a4b1-a48cbecfd194;2025-03-16T07:56:00Z;6561;6561;6561;6561;7;
9978b56f-782a-4a80-a4b1-a48cbecfd194;2025-03-16T07:58:00Z;6561;6561;6561;6560;22;
9978b56f-782a-4a80-a4b1-a48cbecfd194;2025-03-16T07:59:00Z;6556;6549;6557;6549;90;
9978b56f-782a-4a80-a4b1-a48cbecfd194;2025-03-16T08:00:00Z;6550;6549;6550;6549;3;
9978b56f-782a-4a80-a4b1-a48cbecfd194;2025-03-16T08:03:00Z;6554;6554;6554;6554;1;
9978b56f-782a-4a80-a4b1-a48cbecfd194;2025-03-16T08:04:00Z;6554;6554;6554;6554;2;
9978b56f-782a-4a80-a4b1-a48cbecfd194;2025-03-16T08:05:00Z;6550;6550;6550;6550;1;
9978b56f-782a-4a80-a4b1-a48cbecfd194;2025-03-16T08:08:00Z;6555;6556;6556;6555;4;
9978b56f-782a-4a80-a4b1-a48cbecfd194;2025-03-16T08:10:00Z;6559;6559;6559;6559;1;
9978b56f-782a-4a80-a4b1-a48cbecfd194;2025-03-16T08:11:00Z;6559;6559;6559;6559;1;
9978b56f-782a-4a80-a4b1-a48cbecfd194;2025-03-16T08:13:00Z;6558;6558;6558;6558;1;
9978b56f-782a-4a80-a4b1-a48cbecfd194;2025-03-16T08:14:00Z;6558;6558;6558;6558;1;
9978b56f-782a-4a80-a4b1-a48cbecfd194;2025-03-16T08:15:00Z;6554;6558;6558;6554;4;
9978b56f-782a-4a80-a4b1-a48cbecfd194;2025-03-16T08:18:00Z;6559;6559;6559;6559;1;
9978b56f-782a-4a80-a4b1-a48cbecfd194;2025-03-16T08:20:00Z;6559;6559;6559;6559;1;
9978b56f-782a-4a80-a4b1-a48cbecfd194;2025-03-16T08:21:00Z;6559;6559;6559;6559;6;
9978b56f-782a-4a80-a4b1-a48cbecfd194;2025-03-16T08:26:00Z;6559;6559;6559;6559;1;
9978b56f-782a-4a80-a4b1-a48cbecfd194;2025-03-16T08:27:00Z;6556;6551;6556;6551;14;
9978b56f-782a-4a80-a4b1-a48cbecfd194;2025-03-16T08:28:00Z;6558;6558;6558;6558;1;
9978b56f-782a-4a80-a4b1-a48cbecfd194;2025-03-16T08:29:00Z;6557;6557;6557;6557;1;
9978b56f-782a-4a80-a4b1-a48cbecfd194;2025-03-16T08:31:00Z;6559;6559;6559;6559;1;
9978b56f-782a-4a80-a4b1-a48cbecfd194;2025-03-16T08:32:00Z;6557;6553;6557;6553;7;
9978b56f-782a-4a80-a4b1-a48cbecfd194;2025-03-16T08:33:00Z;6552;6552;6552;6552;3;
9978b56f-782a-4a80-a4b1-a48cbecfd194;2025-03-16T08:37:00Z;6552;6552;6552;6552;1;
9978b56f-782a-4a80-a4b1-a48cbecfd194;2025-03-16T08:38:00Z;6556;6556;6556;6556;4;
9978b56f-782a-4a80-a4b1-a48cbecfd194;2025-03-16T08:40:00Z;6559;6559;6559;6559;15;
9978b56f-782a-4a80-a4b1-a48cbecfd194;2025-03-16T08:41:00Z;6559;6554;6559;6554;3;
9978b56f-782a-4a80-a4b1-a48cbecfd194;2025-03-16T08:42:00Z;6559;6559;6559;6559;1;
9978b56f-782a-4a80-a4b1-a48cbecfd194;2025-03-16T08:44:00Z;6559;6559;6559;6559;1;
9978b56f-782a-4a80-a4b1-a48cbecfd194;2025-03-16T08:49:00Z;6558;6558;6558;6558;1;
9978b56f-782a-4a80-a4b1-a48cbecfd194;2025-03-16T08:50:00Z;6558;6559;6559;6556;6;
9978b56f-782a-4a80-a4b1-a48cbecfd194;2025-03-16T08:51:00Z;6559;6559;6559;6559;2;
9978b56f-782a-4a80-a4b1-a48cbecfd194;2025-03-16T08:52:00Z;6559;6560;6562;6559;11;
9978b56f-782a-4a80-a4b1-a48cbecfd194;2025-03-16T08:54:00Z;6562;6557;6562;6557;2;
9978b56f-782a-4a80-a4b1-a48cbecfd194;2025-03-16T08:55:00Z;6562;6558;6562;6558;2;
9978b56f-782a-4a80-a4b1-a48cbecfd194;2025-03-16T08:56:00Z;6557;6556;6557;6556;5;
9978b56f-782a-4a80-a4b1-a48cbecfd194;2025-03-16T08:57:00Z;6561;6561;6561;6561;1;
9978b56f-782a-4a80-a4b1-a48cbecfd194;2025-03-16T08:58:00Z;6562;6563;6563;6562;5;
9978b56f-782a-4a80-a4b1-a48cbecfd194;2025-03-16T09:01:00Z;6562;6562;6562;6562;1;
9978b56f-782a-4a80-a4b1-a48cbecfd194;2025-03-16T09:06:00Z;6559;6559;6559;6559;3;
9978b56f-782a-4a80-a4b1-a48cbecfd194;2025-03-16T09:07:00Z;6562;6563;6563;6562;18;
9978b56f-782a-4a80-a4b1-a48cbecfd194;2025-03-16T09:08:00Z;6562;6563;6563;6562;4;
9978b56f-782a-4a80-a4b1-a48cbecfd194;2025-03-16T09:11:00Z;6564;6564;6564;6564;9;
9978b56f-782a-4a80-a4b1-a48cbecfd194;2025-03-16T09:13:00Z;6559;6558;6559;6558;2;
9978b56f-782a-4a80-a4b1-a48cbecfd194;2025-03-16T09:14:00Z;6556;6555;6556;6555;5;
9978b56f-782a-4a80-a4b1-a48cbecfd194;2025-03-16T09:16:00Z;6561;6563;6563;6561;10;
9978b56f-782a-4a80-a4b1-a48cbecfd194;2025-03-16T09:18:00Z;6558;6558;6558;6558;3;
9978b56f-782a-4a80-a4b1-a48cbecfd194;2025-03-16T09:19:00Z;6558;6561;6561;6558;4;
9978b56f-782a-4a80-a4b1-a48cbecfd194;2025-03-16T09:23:00Z;6563;6565;6565;6563;8;
9978b56f-782a-4a80-a4b1-a48cbecfd194;2025-03-16T09:24:00Z;6565;6565;6565;6565;1;
9978b56f-782a-4a80-a4b1-a48cbecfd194;2025-03-16T09:25:00Z;6560;6560;6560;6560;1;
9978b56f-782a-4a80-a4b1-a48cbecfd194;2025-03-16T09:26:00Z;6564;6565;6565;6564;17;
9978b56f-782a-4a80-a4b1-a48cbecfd194;2025-03-16T09:27:00Z;6565;6565;6565;6565;15;
9978b56f-782a-4a80-a4b1-a48cbecfd194;2025-03-16T09:28:00Z;6567;6565;6567;6565;73;
9978b56f-782a-4a80-a4b1-a48cbecfd194;2025-03-16T09:29:00Z;6559;6555;6559;6555;9;
9978b56f-782a-4a80-a4b1-a48cbecfd194;2025-03-16T09:32:00Z;6556;6555;6556;6555;4;
9978b56f-782a-4a80-a4b1-a48cbecfd194;2025-03-16T09:33:00Z;6561;6561;6561;6561;1;
9978b56f-782a-4a80-a4b1-a48cbecfd194;2025-03-16T09:35:00Z;6564;6558;6564;6558;3;
9978b56f-782a-4a80-a4b1-a48cbecfd194;2025-03-16T09:37:00Z;6564;6564;6564;6564;2;
9978b56f-782a-4a80-a4b1-a48cbecfd194;2025-03-16T09:38:00Z;6565;6565;6565;6565;1;
9978b56f-782a-4a80-a4b1-a48cbecfd194;2025-03-16T09:39:00Z;6565;6567;6567;6565;18;
9978b56f-782a-4a80-a4b1-a48cbecfd194;2025-03-16T09:40:00Z;6564;6561;6564;6561;19;
9978b56f-782a-4a80-a4b1-a48cbecfd194;2025-03-16T09:41:00Z;6567;6567;6567;6567;15;
9978b56f-782a-4a80-a4b1-a48cbecfd194;2025-03-16T09:44:00Z;6568;6568;6568;6568;10;
9978b56f-782a-4a80-a4b1-a48cbecfd194;2025-03-16T09:48:00Z;6568;6568;6568;6568;2;
9978b56f-782a-4a80-a4b1-a48cbecfd194;2025-03-16T09:50:00Z;6559;6567;6567;6559;2;
9978b56f-782a-4a80-a4b1-a48cbecfd194;2025-03-16T09:52:00Z;6565;6565;6565;6565;1;
9978b56f-782a-4a80-a4b1-a48cbecfd194;2025-03-16T09:53:00Z;6561;6558;6561;6558;3;
9978b56f-782a-4a80-a4b1-a48cbecfd194;2025-03-16T09:56:00Z;6563;6563;6563;6563;1;
9978b56f-782a-4a80-a4b1-a48cbecfd194;2025-03-16T09:57:00Z;6564;6564;6564;6564;2;
9978b56f-782a-4a80-a4b1-a48cbecfd194;2025-03-16T10:00:00Z;6565;6565;6565;6565;5;
9978b56f-782a-4a80-a4b1-a48cbecfd194;2025-03-16T10:02:00Z;6565;6565;6565;6565;2;
9978b56f-782a-4a80-a4b1-a48cbecfd194;2025-03-16T10:04:00Z;6564;6564;6564;6564;1;
9978b56f-782a-4a80-a4b1-a48cbecfd194;2025-03-16T10:05:00Z;6565;6565;6565;6565;1;
9978b56f-782a-4a80-a4b1-a48cbecfd194;2025-03-16T10:06:00Z;6565;6565;6565;6565;1;
9978b56f-782a-4a80-a4b1-a48cbecfd194;2025-03-16T10:08:00Z;6565;6564;6565;6564;4;
9978b56f-782a-4a80-a4b1-a48cbecfd194;2025-03-16T10:10:00Z;6565;6565;6565;6565;1;
9978b56f-782a-4a80-a4b1-a48cbecfd194;2025-03-16T10:11:00Z;6565;6564;6565;6564;15;
9978b56f-782a-4a80-a4b1-a48cbecfd194;2025-03-16T10:18:00Z;6562;6563;6563;6562;8;
9978b56f-782a-4a80-a4b1-a48cbecfd194;2025-03-16T10:19:00Z;6563;6558;6563;6558;2;
9978b56f-782a-4a80-a4b1-a48cbecfd194;2025-03-16T10:21:00Z;6560;6560;6560;6560;1;
9978b56f-782a-4a80-a4b1-a48cbecfd194;2025-03-16T10:25:00Z;6560;6560;6560;6560;1;
9978b56f-782a-4a80-a4b1-a48cbecfd194;2025-03-16T10:31:00Z;6560;6560;6560;6560;1;
9978b56f-782a-4a80-a4b1-a48cbecfd194;2025-03-16T10:34:00Z;6560;6560;6560;6560;1;
9978b56f-782a-4a80-a4b1-a48cbecfd194;2025-03-16T10:36:00Z;6558;6558;6558;6558;1;
9978b56f-782a-4a80-a4b1-a48cbecfd194;2025-03-16T10:38:00Z;6558;6558;6558;6558;2;
9978b56f-782a-4a80-a4b1-a48cbecfd194;2025-03-16T10:42:00Z;6560;6560;6560;6560;1;
9978b56f-782a-4a80-a4b1-a48cbecfd194;2025-03-16T10:43:00Z;6560;6560;6560;6560;1;
9978b56f-782a-4a80-a4b1-a48cbecfd194;2025-03-16T10:44:00Z;6559;6559;6559;6559;1;
9978b56f-782a-4a80-a4b1-a48cbecfd194;2025-03-16T10:46:00Z;6558;6558;6558;6558;1;
9978b56f-782a-4a80-a4b1-a48cbecfd194;2025-03-16T10:49:00Z;6559;6559;6559;6559;2;
9978b56f-782a-4a80-a4b1-a48cbecfd194;2025-03-16T10:50:00Z;6559;6560;6560;6559;3;
9978b56f-782a-4a80-a4b1-a48cbecfd194;2025-03-16T10:54:00Z;6560;6560;6560;6560;2;
9978b56f-782a-4a80-a4b1-a48cbecfd194;2025-03-16T10:58:00Z;6560;6560;6560;6560;3;
9978b56f-782a-4a80-a4b1-a48cbecfd194;2025-03-16T11:02:00Z;6560;6560;6560;6560;2;
9978b56f-782a-4a80-a4b1-a48cbecfd194;2025-03-16T11:04:00Z;6560;6560;6560;6560;4;
9978b56f-782a-4a80-a4b1-a48cbecfd194;2025-03-16T11:06:00Z;6560;6560;6560;6560;1;
9978b56f-782a-4a80-a4b1-a48cbecfd194;2025-03-16T11:07:00Z;6560;6560;6560;6560;9;
9978b56f-782a-4a80-a4b1-a48cbecfd194;2025-03-16T11:09:00Z;6559;6552;6559;6552;100;
9978b56f-782a-4a80-a4b1-a48cbecfd194;2025-03-16T11:14:00Z;6558;6558;6558;6558;1;
9978b56f-782a-4a80-a4b1-a48cbecfd194;2025-03-16T11:17:00Z;6558;6559;6559;6558;5;
9978b56f-782a-4a80-a4b1-a48cbecfd194;2025-03-16T11:18:00Z;6560;6560;6560;6560;1;
9978b56f-782a-4a80-a4b1-a48cbecfd194;2025-03-16T11:20:00Z;6561;6561;6561;6561;4;
9978b56f-782a-4a80-a4b1-a48cbecfd194;2025-03-16T11:21:00Z;6562;6562;6562;6562;2;
9978b56f-782a-4a80-a4b1-a48cbecfd194;2025-03-16T11:22:00Z;6562;6562;6562;6562;1;
9978b56f-782a-4a80-a4b1-a48cbecfd194;2025-03-16T11:23:00Z;6559;6559;6559;6559;1;
9978b56f-782a-4a80-a4b1-a48cbecfd194;2025-03-16T11:26:00Z;6558;6558;6558;6558;1;
9978b56f-782a-4a80-a4b1-a48cbecfd194;2025-03-16T11:27:00Z;6556;6553;6556;6553;5;
9978b56f-782a-4a80-a4b1-a48cbecfd194;2025-03-16T11:28:00Z;6553;6553;6553;6553;1;
9978b56f-782a-4a80-a4b1-a48cbecfd194;2025-03-16T11:29:00Z;6553;6552;6553;6552;9;
9978b56f-782a-4a80-a4b1-a48cbecfd194;2025-03-16T11:30:00Z;6552;6552;6552;6552;2;
9978b56f-782a-4a80-a4b1-a48cbecfd194;2025-03-16T11:31:00Z;6552;6552;6552;6552;1;
9978b56f-782a-4a80-a4b1-a48cbecfd194;2025-03-16T11:33:00Z;6553;6552;6553;6552;2;
9978b56f-782a-4a80-a4b1-a48cbecfd194;2025-03-16T11:34:00Z;6552;6556;6556;6552;4;
9978b56f-782a-4a80-a4b1-a48cbecfd194;2025-03-16T11:35:00Z;6557;6559;6559;6557;8;
9978b56f-782a-4a80-a4b1-a48cbecfd194;2025-03-16T11:36:00Z;6558;6558;6558;6558;1;
9978b56f-782a-4a80-a4b1-a48cbecfd194;2025-03-16T11:38:00Z;6557;6557;6557;6557;1;
9978b56f-782a-4a80-a4b1-a48cbecfd194;2025-03-16T11:40:00Z;6557;6561;6561;6557;2;
9978b56f-782a-4a80-a4b1-a48cbecfd194;2025-03-16T11:42:00Z;6561;6561;6561;6561;1;
9978b56f-782a-4a80-a4b1-a48cbecfd194;2025-03-16T11:43:00Z;6561;6561;6561;6561;1;
9978b56f-782a-4a80-a4b1-a48cbecfd194;2025-03-16T11:46:00Z;6558;6562;6562;6558;2;
9978b56f-782a-4a80-a4b1-a48cbecfd194;2025-03-16T11:47:00Z;6557;6557;6557;6557;1;
9978b56f-782a-4a80-a4b1-a48cbecfd194;2025-03-16T11:48:00Z;6557;6563;6563;6557;3;
9978b56f-782a-4a80-a4b1-a48cbecfd194;2025-03-16T11:53:00Z;6557;6557;6557;6557;2;
9978b56f-782a-4a80-a4b1-a48cbecfd194;2025-03-16T11:57:00Z;6562;6555;6562;6555;26;
9978b56f-782a-4a80-a4b1-a48cbecfd194;2025-03-16T11:58:00Z;6562;6562;6562;6562;3;
9978b56f-782a-4a80-a4b1-a48cbecfd194;2025-03-16T12:00:00Z;6562;6562;6562;6562;2;
9978b56f-782a-4a80-a4b1-a48cbecfd194;2025-03-16T12:04:00Z;6557;6555;6557;6555;6;
9978b56f-782a-4a80-a4b1-a48cbecfd194;2025-03-16T12:13:00Z;6562;6564;6564;6562;30;
9978b56f-782a-4a80-a4b1-a48cbecfd194;2025-03-16T12:15:00Z;6565;6564;6565;6564;3;
9978b56f-782a-4a80-a4b1-a48cbecfd194;2025-03-16T12:16:00Z;6567;6567;6567;6567;1;
9978b56f-782a-4a80-a4b1-a48cbecfd194;2025-03-16T12:17:00Z;6567;6559;6567;6559;5;
9978b56f-782a-4a80-a4b1-a48cbecfd194;2025-03-16T12:20:00Z;6561;6568;6568;6561;5;
9978b56f-782a-4a80-a4b1-a48cbecfd194;2025-03-16T12:22:00Z;6560;6560;6560;6560;1;
9978b56f-782a-4a80-a4b1-a48cbecfd194;2025-03-16T12:23:00Z;6560;6557;6560;6557;10;
9978b56f-782a-4a80-a4b1-a48cbecfd194;2025-03-16T12:24:00Z;6556;6565;6565;6556;2;
9978b56f-782a-4a80-a4b1-a48cbecfd194;2025-03-16T12:26:00Z;6564;6564;6564;6564;10;
9978b56f-782a-4a80-a4b1-a48cbecfd194;2025-03-16T12:34:00Z;6558;6557;6558;6557;3;
9978b56f-782a-4a80-a4b1-a48cbecfd194;2025-03-16T12:36:00Z;6557;6557;6557;6557;3;
9978b56f-782a-4a80-a4b1-a48cbecfd194;2025-03-16T12:37:00Z;6565;6565;6565;6565;4;
9978b56f-782a-4a80-a4b1-a48cbecfd194;2025-03-16T12:39:00Z;6567;6567;6567;6567;2;
9978b56f-782a-4a80-a4b1-a48cbecfd194;2025-03-16T12:42:00Z;6568;6568;6568;6568;1;
9978b56f-782a-4a80-a4b1-a48cbecfd194;2025-03-16T12:43:00Z;6568;6568;6568;6568;2;
9978b56f-782a-4a80-a4b1-a48cbecfd194;2025-03-16T12:47:00Z;6563;6569;6569;6563;18;
9978b56f-782a-4a80-a4b1-a48cbecfd194;2025-03-16T12:49:00Z;6563;6563;6563;6563;1;
9978b56f-782a-4a80-a4b1-a48cbecfd194;2025-03-16T12:50:00Z;6569;6569;6569;6569;20;
9978b56f-782a-4a80-a4b1-a48cbecfd194;2025-03-16T12:53:00Z;6568;6570;6570;6568;90;
9978b56f-782a-4a80-a4b1-a48cbecfd194;2025-03-16T12:55:00Z;6564;6564;6564;6564;1;
9978b56f-782a-4a80-a4b1-a48cbecfd194;2025-03-16T12:56:00Z;6570;6570;6570;6570;1;
9978b56f-782a-4a80-a4b1-a48cbecfd194;2025-03-16T12:57:00Z;6565;6565;6565;6565;2;
9978b56f-782a-4a80-a4b1-a48cbecfd194;2025-03-16T12:58:00Z;6564;6564;6564;6564;3;
9978b56f-782a-4a80-a4b1-a48cbecfd194;2025-03-16T13:02:00Z;6568;6568;6568;6568;1;
9978b56f-782a-4a80-a4b1-a48cbecfd194;2025-03-16T13:05:00Z;6568;6570;6570;6568;19;
9978b56f-782a-4a80-a4b1-a48cbecfd194;2025-03-16T13:06:00Z;6570;6570;6570;6570;1;
9978b56f-782a-4a80-a4b1-a48cbecfd194;2025-03-16T13:09:00Z;6569;6568;6569;6565;4;
9978b56f-782a-4a80-a4b1-a48cbecfd194;2025-03-16T13:11:00Z;6568;6568;6568;6568;1;
9978b56f-782a-4a80-a4b1-a48cbecfd194;2025-03-16T13:12:00Z;6566;6566;6566;6566;5;
9978b56f-782a-4a80-a4b1-a48cbecfd194;2025-03-16T13:17:00Z;6569;6569;6569;6569;2;
9978b56f-782a-4a80-a4b1-a48cbecfd194;2025-03-16T13:20:00Z;6569;6569;6569;6569;2;
9978b56f-782a-4a80-a4b1-a48cbecfd194;2025-03-16T13:22:00Z;6569;6569;6569;6569;7;
9978b56f-782a-4a80-a4b1-a48cbecfd194;2025-03-16T13:23:00Z;6569;6570;6570;6569;6;
9978b56f-782a-4a80-a4b1-a48cbecfd194;2025-03-16T13:24:00Z;6570;6572;6572;6570;73;
9978b56f-782a-4a80-a4b1-a48cbecfd194;2025-03-16T13:25:00Z;6571;6571;6571;6571;1;
9978b56f-782a-4a80-a4b1-a48cbecfd194;2025-03-16T13:26:00Z;6570;6570;6570;6570;53;
9978b56f-782a-4a80-a4b1-a48cbecfd194;2025-03-16T13:27:00Z;6572;6573;6573;6572;3;
9978b56f-782a-4a80-a4b1-a48cbecfd194;2025-03-16T13:28:00Z;6572;6573;6573;6572;17;
9978b56f-782a-4a80-a4b1-a48cbecfd194;2025-03-16T13:29:00Z;6573;6574;6574;6573;318;
9978b56f-782a-4a80-a4b1-a48cbecfd194;2025-03-16T13:30:00Z;6574;6575;6575;6570;15;
9978b56f-782a-4a80-a4b1-a48cbecfd194;2025-03-16T13:31:00Z;6575;6575;6575;6575;10;
9978b56f-782a-4a80-a4b1-a48cbecfd194;2025-03-16T13:32:00Z;6575;6575;6575;6575;20;
9978b56f-782a-4a80-a4b1-a48cbecfd194;2025-03-16T13:33:00Z;6574;6574;6574;6574;1;
9978b56f-782a-4a80-a4b1-a48cbecfd194;2025-03-16T13:34:00Z;6575;6572;6578;6572;58;
9978b56f-782a-4a80-a4b1-a48cbecfd194;2025-03-16T13:35:00Z;6574;6576;6576;6574;6;
9978b56f-782a-4a80-a4b1-a48cbecfd194;2025-03-16T13:36:00Z;6574;6574;6574;6574;1;
9978b56f-782a-4a80-a4b1-a48cbecfd194;2025-03-16T13:37:00Z;6576;6577;6577;6576;2;
9978b56f-782a-4a80-a4b1-a48cbecfd194;2025-03-16T13:38:00Z;6574;6571;6574;6561;52;
9978b56f-782a-4a80-a4b1-a48cbecfd194;2025-03-16T13:39:00Z;6572;6574;6574;6572;12;
9978b56f-782a-4a80-a4b1-a48cbecfd194;2025-03-16T13:40:00Z;6574;6574;6574;6574;10;
9978b56f-782a-4a80-a4b1-a48cbecfd194;2025-03-16T13:42:00Z;6570;6568;6570;6568;2;
9978b56f-782a-4a80-a4b1-a48cbecfd194;2025-03-16T13:43:00Z;6573;6573;6573;6573;1;
9978b56f-782a-4a80-a4b1-a48cbecfd194;2025-03-16T13:44:00Z;6573;6572;6573;6572;7;
9978b56f-782a-4a80-a4b1-a48cbecfd194;2025-03-16T13:45:00Z;6567;6567;6567;6567;1;
9978b56f-782a-4a80-a4b1-a48cbecfd194;2025-03-16T13:46:00Z;6570;6570;6570;6570;5;
9978b56f-782a-4a80-a4b1-a48cbecfd194;2025-03-16T13:47:00Z;6570;6570;6570;6570;5;
9978b56f-782a-4a80-a4b1-a48cbecfd194;2025-03-16T13:49:00Z;6569;6569;6569;6569;5;
9978b56f-782a-4a80-a4b1-a48cbecfd194;2025-03-16T13:50:00Z;6567;6570;6570;6565;14;
9978b56f-782a-4a80-a4b1-a48cbecfd194;2025-03-16T13:51:00Z;6569;6569;6569;6569;1;
9978b56f-782a-4a80-a4b1-a48cbecfd194;2025-03-16T13:52:00Z;6573;6573;6573;6573;5;
9978b56f-782a-4a80-a4b1-a48cbecfd194;2025-03-16T13:53:00Z;6573;6573;6573;6573;1;
9978b56f-782a-4a80-a4b1-a48cbecfd194;2025-03-16T13:54:00Z;6572;6572;6572;6572;1;
9978b56f-782a-4a80-a4b1-a48cbecfd194;2025-03-16T13:56:00Z;6570;6570;6570;6570;1;
9978b56f-782a-4a80-a4b1-a48cbecfd194;2025-03-16T13:57:00Z;6570;6573;6573;6570;12;
9978b56f-782a-4a80-a4b1-a48cbecfd194;2025-03-16T13:58:00Z;6573;6573;6573;6573;2;
9978b56f-782a-4a80-a4b1-a48cbecfd194;2025-03-16T13:59:00Z;6573;6573;6573;6573;29;
9978b56f-782a-4a80-a4b1-a48cbecfd194;2025-03-16T14:00:00Z;6573;6573;6573;6573;19;
9978b56f-782a-4a80-a4b1-a48cbecfd194;2025-03-16T14:01:00Z;6573;6573;6573;6573;31;
9978b56f-782a-4a80-a4b1-a48cbecfd194;2025-03-16T14:07:00Z;6573;6573;6573;6573;11;
9978b56f-782a-4a80-a4b1-a48cbecfd194;2025-03-16T14:08:00Z;6572;6572;6572;6572;5;
9978b56f-782a-4a80-a4b1-a48cbecfd194;2025-03-16T14:09:00Z;6573;6573;6573;6573;1;
9978b56f-782a-4a80-a4b1-a48cbecfd194;2025-03-16T14:10:00Z;6573;6573;6573;6572;43;
9978b56f-782a-4a80-a4b1-a48cbecfd194;2025-03-16T14:11:00Z;6573;6580;6580;6573;298;
9978b56f-782a-4a80-a4b1-a48cbecfd194;2025-03-16T14:12:00Z;6580;6585;6585;6580;94;
9978b56f-782a-4a80-a4b1-a48cbecfd194;2025-03-16T14:13:00Z;6581;6585;6585;6581;27;
9978b56f-782a-4a80-a4b1-a48cbecfd194;2025-03-16T14:14:00Z;6581;6585;6585;6581;95;
9978b56f-782a-4a80-a4b1-a48cbecfd194;2025-03-16T14:15:00Z;6585;6585;6585;6581;12;
9978b56f-782a-4a80-a4b1-a48cbecfd194;2025-03-16T14:16:00Z;6582;6577;6582;6577;35;
9978b56f-782a-4a80-a4b1-a48cbecfd194;2025-03-16T14:17:00Z;6584;6584;6590;6579;44;
9978b56f-782a-4a80-a4b1-a48cbecfd194;2025-03-16T14:18:00Z;6584;6586;6586;6584;14;
9978b56f-782a-4a80-a4b1-a48cbecfd194;2025-03-16T14:19:00Z;6586;6586;6586;6586;2;
9978b56f-782a-4a80-a4b1-a48cbecfd194;2025-03-16T14:20:00Z;6586;6596;6597;6586;103;
9978b56f-782a-4a80-a4b1-a48cbecfd194;2025-03-16T14:21:00Z;6592;6592;6600;6591;231;
9978b56f-782a-4a80-a4b1-a48cbecfd194;2025-03-16T14:22:00Z;6599;6599;6600;6593;68;
9978b56f-782a-4a80-a4b1-a48cbecfd194;2025-03-16T14:23:00Z;6599;6594;6600;6594;301;
9978b56f-782a-4a80-a4b1-a48cbecfd194;2025-03-16T14:25:00Z;6593;6593;6593;6593;1;
9978b56f-782a-4a80-a4b1-a48cbecfd194;2025-03-16T14:26:00Z;6590;6588;6590;6587;20;
9978b56f-782a-4a80-a4b1-a48cbecfd194;2025-03-16T14:27:00Z;6594;6588;6594;6588;5;
9978b56f-782a-4a80-a4b1-a48cbecfd194;2025-03-16T14:28:00Z;6594;6588;6594;6588;3;
9978b56f-782a-4a80-a4b1-a48cbecfd194;2025-03-16T14:29:00Z;6594;6592;6594;6587;18;
9978b56f-782a-4a80-a4b1-a48cbecfd194;2025-03-16T14:31:00Z;6592;6592;6592;6587;8;
9978b56f-782a-4a80-a4b1-a48cbecfd194;2025-03-16T14:32:00Z;6586;6594;6594;6586;40;
9978b56f-782a-4a80-a4b1-a48cbecfd194;2025-03-16T14:33:00Z;6594;6594;6594;6594;7;
9978b56f-782a-4a80-a4b1-a48cbecfd194;2025-03-16T14:34:00Z;6594;6592;6595;6592;29;
9978b56f-782a-4a80-a4b1-a48cbecfd194;2025-03-16T14:35:00Z;6592;6592;6592;6592;41;
9978b56f-782a-4a80-a4b1-a48cbecfd194;2025-03-16T14:36:00Z;6591;6591;6591;6591;3;
9978b56f-782a-4a80-a4b1-a48cbecfd194;2025-03-16T14:37:00Z;6591;6586;6591;6586;21;
9978b56f-782a-4a80-a4b1-a48cbecfd194;2025-03-16T14:39:00Z;6589;6590;6590;6589;21;
9978b56f-782a-4a80-a4b1-a48cbecfd194;2025-03-16T14:40:00Z;6592;6595;6599;6592;162;
9978b56f-782a-4a80-a4b1-a48cbecfd194;2025-03-16T14:41:00Z;6599;6599;6599;6595;8;
9978b56f-782a-4a80-a4b1-a48cbecfd194;2025-03-16T14:42:00Z;6599;6599;6599;6599;2;
9978b56f-782a-4a80-a4b1-a48cbecfd194;2025-03-16T14:43:00Z;6595;6595;6595;6595;3;
9978b56f-782a-4a80-a4b1-a48cbecfd194;2025-03-16T14:44:00Z;6598;6600;6600;6598;93;
9978b56f-782a-4a80-a4b1-a48cbecfd194;2025-03-16T14:45:00Z;6593;6593;6593;6593;1;
9978b56f-782a-4a80-a4b1-a48cbecfd194;2025-03-16T14:47:00Z;6593;6593;6593;6593;1;
9978b56f-782a-4a80-a4b1-a48cbecfd194;2025-03-16T14:48:00Z;6593;6586;6594;6585;64;
9978b56f-782a-4a80-a4b1-a48cbecfd194;2025-03-16T14:49:00Z;6595;6592;6595;6592;2;
9978b56f-782a-4a80-a4b1-a48cbecfd194;2025-03-16T14:50:00Z;6598;6600;6600;6598;8;
9978b56f-782a-4a80-a4b1-a48cbecfd194;2025-03-16T14:51:00Z;6600;6600;6600;6600;3;
9978b56f-782a-4a80-a4b1-a48cbecfd194;2025-03-16T14:52:00Z;6598;6592;6598;6592;55;
9978b56f-782a-4a80-a4b1-a48cbecfd194;2025-03-16T14:53:00Z;6592;6588;6592;6588;5;
9978b56f-782a-4a80-a4b1-a48cbecfd194;2025-03-16T14:56:00Z;6589;6587;6591;6587;9;
9978b56f-782a-4a80-a4b1-a48cbecfd194;2025-03-16T14:59:00Z;6592;6589;6596;6589;23;
9978b56f-782a-4a80-a4b1-a48cbecfd194;2025-03-16T15:03:00Z;6591;6591;6591;6591;1;
9978b56f-782a-4a80-a4b1-a48cbecfd194;2025-03-16T15:04:00Z;6594;6594;6594;6594;3;
9978b56f-782a-4a80-a4b1-a48cbecfd194;2025-03-16T15:05:00Z;6595;6596;6596;6595;2;
9978b56f-782a-4a80-a4b1-a48cbecfd194;2025-03-16T15:06:00Z;6590;6586;6590;6586;25;
9978b56f-782a-4a80-a4b1-a48cbecfd194;2025-03-16T15:07:00Z;6587;6587;6587;6587;1;
9978b56f-782a-4a80-a4b1-a48cbecfd194;2025-03-16T15:08:00Z;6594;6594;6594;6594;1;
9978b56f-782a-4a80-a4b1-a48cbecfd194;2025-03-16T15:09:00Z;6594;6594;6594;6594;2;
9978b56f-782a-4a80-a4b1-a48cbecfd194;2025-03-16T15:10:00Z;6589;6589;6595;6589;3;
9978b56f-782a-4a80-a4b1-a48cbecfd194;2025-03-16T15:12:00Z;6595;6601;6602;6590;55;
9978b56f-782a-4a80-a4b1-a48cbecfd194;2025-03-16T15:13:00Z;6602;6602;6602;6600;15;
9978b56f-782a-4a80-a4b1-a48cbecfd194;2025-03-16T15:16:00Z;6593;6593;6593;6593;1;
9978b56f-782a-4a80-a4b1-a48cbecfd194;2025-03-16T15:17:00Z;6601;6601;6601;6601;3;
9978b56f-782a-4a80-a4b1-a48cbecfd194;2025-03-16T15:21:00Z;6601;6601;6601;6594;50;
9978b56f-782a-4a80-a4b1-a48cbecfd194;2025-03-16T15:22:00Z;6601;6601;6601;6601;1;
9978b56f-782a-4a80-a4b1-a48cbecfd194;2025-03-16T15:23:00Z;6603;6603;6603;6603;2;
9978b56f-782a-4a80-a4b1-a48cbecfd194;2025-03-16T15:24:00Z;6596;6590;6596;6590;12;
9978b56f-782a-4a80-a4b1-a48cbecfd194;2025-03-16T15:26:00Z;6596;6596;6596;6596;2;
9978b56f-782a-4a80-a4b1-a48cbecfd194;2025-03-16T15:28:00Z;6593;6593;6593;6593;2;
9978b56f-782a-4a80-a4b1-a48cbecfd194;2025-03-16T15:29:00Z;6592;6592;6592;6592;5;
9978b56f-782a-4a80-a4b1-a48cbecfd194;2025-03-16T15:30:00Z;6595;6603;6603;6595;33;
9978b56f-782a-4a80-a4b1-a48cbecfd194;2025-03-16T15:31:00Z;6603;6606;6606;6603;34;
9978b56f-782a-4a80-a4b1-a48cbecfd194;2025-03-16T15:32:00Z;6599;6599;6599;6599;1;
9978b56f-782a-4a80-a4b1-a48cbecfd194;2025-03-16T15:34:00Z;6605;6606;6606;6605;6;
9978b56f-782a-4a80-a4b1-a48cbecfd194;2025-03-16T15:35:00Z;6606;6607;6607;6606;23;
9978b56f-782a-4a80-a4b1-a48cbecfd194;2025-03-16T15:37:00Z;6600;6605;6605;6600;5;
9978b56f-782a-4a80-a4b1-a48cbecfd194;2025-03-16T15:38:00Z;6600;6605;6605;6600;3;
9978b56f-782a-4a80-a4b1-a48cbecfd194;2025-03-16T15:40:00Z;6600;6600;6600;6600;1;
9978b56f-782a-4a80-a4b1-a48cbecfd194;2025-03-16T15:41:00Z;6600;6605;6605;6600;18;
9978b56f-782a-4a80-a4b1-a48cbecfd194;2025-03-16T15:42:00Z;6600;6600;6600;6600;1;
9978b56f-782a-4a80-a4b1-a48cbecfd194;2025-03-16T15:43:00Z;6600;6600;6600;6600;2;
9978b56f-782a-4a80-a4b1-a48cbecfd194;2025-03-16T15:44:00Z;6600;6600;6600;6600;13;
9978b56f-782a-4a80-a4b1-a48cbecfd194;2025-03-16T15:45:00Z;6600;6599;6600;6599;2;
9978b56f-782a-4a80-a4b1-a48cbecfd194;2025-03-16T15:46:00Z;6600;6600;6600;6600;1;
9978b56f-782a-4a80-a4b1-a48cbecfd194;2025-03-16T15:47:00Z;6599;6600;6600;6599;10;
9978b56f-782a-4a80-a4b1-a48cbecfd194;2025-03-16T15:48:00Z;6599;6600;6600;6599;3;
9978b56f-782a-4a80-a4b1-a48cbecfd194;2025-03-16T15:49:00Z;6600;6606;6606;6600;100;
9978b56f-782a-4a80-a4b1-a48cbecfd194;2025-03-16T15:50:00Z;6605;6605;6606;6605;26;
9978b56f-782a-4a80-a4b1-a48cbecfd194;2025-03-16T15:51:00Z;6605;6603;6606;6592;50;
9978b56f-782a-4a80-a4b1-a48cbecfd194;2025-03-16T15:52:00Z;6601;6604;6604;6601;5;
9978b56f-782a-4a80-a4b1-a48cbecfd194;2025-03-16T15:53:00Z;6604;6603;6604;6596;19;
9978b56f-782a-4a80-a4b1-a48cbecfd194;2025-03-16T15:54:00Z;6597;6596;6597;6596;10;
9978b56f-782a-4a80-a4b1-a48cbecfd194;2025-03-16T15:55:00Z;6603;6604;6604;6603;8;
9978b56f-782a-4a80-a4b1-a48cbecfd194;2025-03-16T15:56:00Z;6603;6603;6603;6603;4;
9978b56f-782a-4a80-a4b1-a48cbecfd194;2025-03-16T15:57:00Z;6603;6604;6604;6603;53;
9978b56f-782a-4a80-a4b1-a48cbecfd194;2025-03-16T16:06:00Z;6630;6603;6630;6603;14;
9978b56f-782a-4a80-a4b1-a48cbecfd194;2025-03-16T16:07:00Z;6600;6611;6611;6600;6;
9978b56f-782a-4a80-a4b1-a48cbecfd194;2025-03-16T16:10:00Z;6611;6614;6614;6611;5;
9978b56f-782a-4a80-a4b1-a48cbecfd194;2025-03-16T16:11:00Z;6611;6611;6611;6611;7;
9978b56f-782a-4a80-a4b1-a48cbecfd194;2025-03-16T16:13:00Z;6585;6586;6586;6585;3;
9978b56f-782a-4a80-a4b1-a48cbecfd194;2025-03-16T16:14:00Z;6607;6607;6607;6607;1;
9978b56f-782a-4a80-a4b1-a48cbecfd194;2025-03-16T16:18:00Z;6589;6589;6589;6589;2;
9978b56f-782a-4a80-a4b1-a48cbecfd194;2025-03-16T16:22:00Z;6589;6589;6589;6589;1;
9978b56f-782a-4a80-a4b1-a48cbecfd194;2025-03-16T16:23:00Z;6606;6606;6606;6606;2;
9978b56f-782a-4a80-a4b1-a48cbecfd194;2025-03-16T16:28:00Z;6606;6606;6606;6606;2;
9978b56f-782a-4a80-a4b1-a48cbecfd194;2025-03-16T16:30:00Z;6601;6600;6601;6600;19;
9978b56f-782a-4a80-a4b1-a48cbecfd194;2025-03-16T16:31:00Z;6606;6601;6606;6601;4;
9978b56f-782a-4a80-a4b1-a48cbecfd194;2025-03-16T16:33:00Z;6606;6606;6606;6606;2;
9978b56f-782a-4a80-a4b1-a48cbecfd194;2025-03-16T16:41:00Z;6603;6603;6603;6603;92;
9978b56f-782a-4a80-a4b1-a48cbecfd194;2025-03-16T16:42:00Z;6603;6603;6603;6603;4;
9978b56f-782a-4a80-a4b1-a48cbecfd194;2025-03-16T16:44:00Z;6603;6603;6603;6603;1;
9978b56f-782a-4a80-a4b1-a48cbecfd194;2025-03-16T16:45:00Z;6606;6611;6611;6606;12;
9978b56f-782a-4a80-a4b1-a48cbecfd194;2025-03-16T16:46:00Z;6612;6612;6612;6612;1;
9978b56f-782a-4a80-a4b1-a48cbecfd194;2025-03-16T16:47:00Z;6614;6614;6614;6614;1;
9978b56f-782a-4a80-a4b1-a48cbecfd194;2025-03-16T16:49:00Z;6614;6614;6614;6614;9;
9978b56f-782a-4a80-a4b1-a48cbecfd194;2025-03-16T16:50:00Z;6614;6615;6615;6611;10;
9978b56f-782a-4a80-a4b1-a48cbecfd194;2025-03-16T16:52:00Z;6615;6619;6619;6615;5;
9978b56f-782a-4a80-a4b1-a48cbecfd194;2025-03-16T16:53:00Z;6619;6620;6620;6619;2;
9978b56f-782a-4a80-a4b1-a48cbecfd194;2025-03-16T16:54:00Z;6627;6634;6634;6627;6;
9978b56f-782a-4a80-a4b1-a48cbecfd194;2025-03-16T16:55:00Z;6617;6616;6617;6616;2;
9978b56f-782a-4a80-a4b1-a48cbecfd194;2025-03-16T16:56:00Z;6617;6616;6617;6616;2;
9978b56f-782a-4a80-a4b1-a48cbecfd194;2025-03-16T16:59:00Z;6617;6617;6617;6617;1;
9978b56f-782a-4a80-a4b1-a48cbecfd194;2025-03-16T17:00:00Z;6611;6611;6611;6611;1;
9978b56f-782a-4a80-a4b1-a48cbecfd194;2025-03-16T17:02:00Z;6617;6617;6617;6617;17;
9978b56f-782a-4a80-a4b1-a48cbecfd194;2025-03-16T17:07:00Z;6617;6617;6617;6617;3;
9978b56f-782a-4a80-a4b1-a48cbecfd194;2025-03-16T17:08:00Z;6617;6635;6635;6617;144;
9978b56f-782a-4a80-a4b1-a48cbecfd194;2025-03-16T17:09:00Z;6635;6640;6641;6635;8;
9978b56f-782a-4a80-a4b1-a48cbecfd194;2025-03-16T17:10:00Z;6638;6638;6638;6638;1;
9978b56f-782a-4a80-a4b1-a48cbecfd194;2025-03-16T17:11:00Z;6640;6619;6644;6619;302;
9978b56f-782a-4a80-a4b1-a48cbecfd194;2025-03-16T17:12:00Z;6643;6644;6644;6643;27;
9978b56f-782a-4a80-a4b1-a48cbecfd194;2025-03-16T17:13:00Z;6648;6649;6649;6648;2;
9978b56f-782a-4a80-a4b1-a48cbecfd194;2025-03-16T17:17:00Z;6631;6631;6631;6631;1;
9978b56f-782a-4a80-a4b1-a48cbecfd194;2025-03-16T17:18:00Z;6649;6676;6676;6649;12;
9978b56f-782a-4a80-a4b1-a48cbecfd194;2025-03-16T17:19:00Z;6650;6641;6650;6641;23;
9978b56f-782a-4a80-a4b1-a48cbecfd194;2025-03-16T17:20:00Z;6643;6645;6645;6643;2;
9978b56f-782a-4a80-a4b1-a48cbecfd194;2025-03-16T17:21:00Z;6646;6646;6646;6646;2;
9978b56f-782a-4a80-a4b1-a48cbecfd194;2025-03-16T17:26:00Z;6658;6641;6658;6641;11;
9978b56f-782a-4a80-a4b1-a48cbecfd194;2025-03-16T17:28:00Z;6634;6653;6653;6611;31;
9978b56f-782a-4a80-a4b1-a48cbecfd194;2025-03-16T17:29:00Z;6641;6641;6641;6641;1;
9978b56f-782a-4a80-a4b1-a48cbecfd194;2025-03-16T17:30:00Z;6655;6644;6655;6644;2;
9978b56f-782a-4a80-a4b1-a48cbecfd194;2025-03-16T17:36:00Z;6644;6644;6644;6644;5;
9978b56f-782a-4a80-a4b1-a48cbecfd194;2025-03-16T17:41:00Z;6635;6635;6635;6635;1;
9978b56f-782a-4a80-a4b1-a48cbecfd194;2025-03-16T17:42:00Z;6635;6643;6643;6634;4;
9978b56f-782a-4a80-a4b1-a48cbecfd194;2025-03-16T17:47:00Z;6643;6643;6643;6643;1;
9978b56f-782a-4a80-a4b1-a48cbecfd194;2025-03-16T17:50:00Z;6642;6642;6642;6642;1;
9978b56f-782a-4a80-a4b1-a48cbecfd194;2025-03-16T17:51:00Z;6625;6621;6625;6621;8;
9978b56f-782a-4a80-a4b1-a48cbecfd194;2025-03-16T17:57:00Z;6633;6633;6633;6633;2;
9978b56f-782a-4a80-a4b1-a48cbecfd194;2025-03-16T17:58:00Z;6633;6633;6633;6633;1;
9978b56f-782a-4a80-a4b1-a48cbecfd194;2025-03-16T17:59:00Z;6633;6652;6652;6623;104;
9978b56f-782a-4a80-a4b1-a48cbecfd194;2025-03-16T18:01:00Z;6632;6622;6632;6622;10;
9978b56f-782a-4a80-a4b1-a48cbecfd194;2025-03-16T18:05:00Z;6622;6622;6622;6622;1;
9978b56f-782a-4a80-a4b1-a48cbecfd194;2025-03-16T18:08:00Z;6639;6639;6639;6639;3;
9978b56f-782a-4a80-a4b1-a48cbecfd194;2025-03-16T18:10:00Z;6639;6650;6650;6639;9;
9978b56f-782a-4a80-a4b1-a48cbecfd194;2025-03-16T18:16:00Z;6633;6633;6633;6633;1;
9978b56f-782a-4a80-a4b1-a48cbecfd194;2025-03-16T18:19:00Z;6647;6647;6647;6647;1;
9978b56f-782a-4a80-a4b1-a48cbecfd194;2025-03-16T18:21:00Z;6648;6648;6648;6648;1;
9978b56f-782a-4a80-a4b1-a48cbecfd194;2025-03-16T18:23:00Z;6650;6650;6650;6650;17;
9978b56f-782a-4a80-a4b1-a48cbecfd194;2025-03-16T18:30:00Z;6650;6650;6650;6650;1;
9978b56f-782a-4a80-a4b1-a48cbecfd194;2025-03-16T18:33:00Z;6650;6649;6650;6649;2;
9978b56f-782a-4a80-a4b1-a48cbecfd194;2025-03-16T18:37:00Z;6634;6628;6634;6628;262;
9978b56f-782a-4a80-a4b1-a48cbecfd194;2025-03-16T18:40:00Z;6624;6642;6642;6624;2;
9978b56f-782a-4a80-a4b1-a48cbecfd194;2025-03-16T18:43:00Z;6638;6644;6644;6638;16;
9978b56f-782a-4a80-a4b1-a48cbecfd194;2025-03-16T18:44:00Z;6646;6646;6646;6646;6;
9978b56f-782a-4a80-a4b1-a48cbecfd194;2025-03-16T18:45:00Z;6646;6648;6648;6646;28;
9978b56f-782a-4a80-a4b1-a48cbecfd194;2025-03-16T18:46:00Z;6630;6629;6630;6629;2;
9978b56f-782a-4a80-a4b1-a48cbecfd194;2025-03-16T18:50:00Z;6646;6649;6649;6646;14;
9978b56f-782a-4a80-a4b1-a48cbecfd194;2025-03-16T18:51:00Z;6649;6649;6649;6649;8;
9978b56f-782a-4a80-a4b1-a48cbecfd194;2025-03-16T18:56:00Z;6633;6621;6633;6621;18;
9978b56f-782a-4a80-a4b1-a48cbecfd194;2025-03-16T19:00:00Z;6626;6641;6641;6621;42;
9978b56f-782a-4a80-a4b1-a48cbecfd194;2025-03-16T19:03:00Z;6644;6644;6644;6644;1;
9978b56f-782a-4a80-a4b1-a48cbecfd194;2025-03-16T19:10:00Z;6644;6647;6647;6644;7;
9978b56f-782a-4a80-a4b1-a48cbecfd194;2025-03-16T19:15:00Z;6635;6635;6635;6635;1;
9978b56f-782a-4a80-a4b1-a48cbecfd194;2025-03-16T19:22:00Z;6644;6645;6645;6644;92;
9978b56f-782a-4a80-a4b1-a48cbecfd194;2025-03-16T19:23:00Z;6645;6645;6645;6645;3;
9978b56f-782a-4a80-a4b1-a48cbecfd194;2025-03-16T19:24:00Z;6647;6647;6647;6647;3;
9978b56f-782a-4a80-a4b1-a48cbecfd194;2025-03-16T19:27:00Z;6637;6637;6637;6637;2;
9978b56f-782a-4a80-a4b1-a48cbecfd194;2025-03-16T19:34:00Z;6638;6638;6638;6638;1;
9978b56f-782a-4a80-a4b1-a48cbecfd194;2025-03-16T19:39:00Z;6638;6638;6638;6638;1;
9978b56f-782a-4a80-a4b1-a48cbecfd194;2025-03-16T19:40:00Z;6642;6642;6642;6642;2;
9978b56f-782a-4a80-a4b1-a48cbecfd194;2025-03-16T19:44:00Z;6642;6642;6642;6642;1;
9978b56f-782a-4a80-a4b1-a48cbecfd194;2025-03-16T19:47:00Z;6642;6642;6642;6642;1;
9978b56f-782a-4a80-a4b1-a48cbecfd194;2025-03-16T19:48:00Z;6642;6642;6642;6642;1;
9978b56f-782a-4a80-a4b1-a48cbecfd194;2025-03-16T19:56:00Z;6638;6638;6638;6638;2;
9978b56f-782a-4a80-a4b1-a48cbecfd194;2025-03-16T19:57:00Z;6637;6621;6637;6621;294;
9978b56f-782a-4a80-a4b1-a48cbecfd194;2025-03-16T19:58:00Z;6619;6619;6619;6619;1;
9978b56f-782a-4a80-a4b1-a48cbecfd194;2025-03-16T20:00:00Z;6619;6619;6619;6619;1;
9978b56f-782a-4a80-a4b1-a48cbecfd194;2025-03-16T20:02:00Z;6620;6621;6621;6620;8;
9978b56f-782a-4a80-a4b1-a48cbecfd194;2025-03-16T20:05:00Z;6621;6621;6621;6621;1;
9978b56f-782a-4a80-a4b1-a48cbecfd194;2025-03-16T20:07:00Z;6621;6621;6621;6621;1;
9978b56f-782a-4a80-a4b1-a48cbecfd194;2025-03-16T20:09:00Z;6621;6621;6621;6621;13;
9978b56f-782a-4a80-a4b1-a48cbecfd194;2025-03-16T20:13:00Z;6621;6619;6621;6619;3;
9978b56f-782a-4a80-a4b1-a48cbecfd194;2025-03-16T20:18:00Z;6639;6639;6639;6639;1;
9978b56f-782a-4a80-a4b1-a48cbecfd194;2025-03-16T20:21:00Z;6620;6603;6620;6603;60;
9978b56f-782a-4a80-a4b1-a48cbecfd194;2025-03-16T20:22:00Z;6639;6639;6639;6639;1;
9978b56f-782a-4a80-a4b1-a48cbecfd194;2025-03-16T20:30:00Z;6630;6630;6630;6630;50;
9978b56f-782a-4a80-a4b1-a48cbecfd194;2025-03-16T20:38:00Z;6633;6633;6633;6633;1;
9978b56f-782a-4a80-a4b1-a48cbecfd194;2025-03-16T20:39:00Z;6633;6633;6633;6633;4;
9978b56f-782a-4a80-a4b1-a48cbecfd194;2025-03-16T20:40:00Z;6633;6633;6633;6633;4;
9978b56f-782a-4a80-a4b1-a48cbecfd194;2025-03-16T20:49:00Z;6607;6633;6633;6605;13;
